country,year,party_id,party,vote,epvote,family,eu_position,eu_intmark,eu_foreign,lrgen,lrecon,spendvtax,deregulation,redistribution,civlib_laworder,sociallifestyle,religious_principles,immigrate_policy,multiculturalism,environment,regions,ethnic_minorities,nationalism
1,2024,102,PS,8.04,7.4299998,5,5.7777777,3.5,5.0,2.5555556,2.4444444,2.2,3.3333333,2.4285715,2.6666667,2.0,4.25,3.2222223,3.1111112,3.0,5.5,2.3333333,3.75
1,2024,103,Vooruit,8.11,7.9899998,5,6.0999999,4.5,5.0,4.3000002,4.0999999,3.1666667,4.0,3.5,3.3333333,1.46428575,4.4000001,5.0,5.1111112,3.2,5.5,5.0,3.75
1,2024,104,Ecolo,2.93,3.6400001,7,5.8888888,5.0,5.5,2.4444444,2.4444444,2.2,3.6666667,2.7142856,1.3333334,1.16666665,5.75,2.4444444,2.4285715,1.0,6.75,1.75,1.75
1,2024,105,Groen,4.65,6.3200002,7,5.9000001,5.0,5.5,2.5,2.7,2.3333333,3.6666667,2.5,1.6666666,1.0,5.4000001,2.5999999,2.5555556,1.0,6.25,2.25,1.75
1,2024,106,MR,10.26,12.62,3,6.4444447,7.0,5.0,7.4444447,8.0,8.3999996,8.0,7.8571429,6.0,2.9000001,1.5,6.5,7.25,7.4000001,6.25,6.75,4.0
1,2024,107,Open Vld,5.45,5.7600002,3,6.6999998,7.0,5.5,6.3333335,7.0,7.6666665,7.3333335,6.625,4.6666665,1.46428575,1.2,5.5999999,5.7777777,6.0,5.25,5.0,2.75
1,2024,108,LE,6.77,5.1700001,4,6.4285712,6.0,5.5,5.5555553,5.3333335,4.5999999,4.3333335,4.8571429,5.0,3.0,5.75,4.625,5.5714288,5.8000002,5.3333335,5.6666665,4.6666665
1,2024,109,CD&V,7.98,8.3400002,4,6.6999998,6.0,5.5,5.6999998,5.5999999,5.0,4.6666665,5.0,5.0,3.5,6.5999999,5.5,5.6666665,6.4000001,4.0,5.75,5.25
1,2024,110,N-VA,16.71,13.97,8,4.5,6.0,4.0,7.5,7.5,8.5,6.3333335,6.875,8.0,3.57142855,3.0,8.1999998,7.7777777,6.8000002,0.5,8.0,7.5
1,2024,111,DeFl,1.2,1.05,8,6.0,,5.5,6.0,5.5,5.5,5.0,4.5,2.0,1.5,6.0,4.5,5.3333335,5.0,3.5,5.0,3.0
1,2024,112,VB,13.77,14.5,1,2.0,2.5,2.0,9.1999998,7.0,6.0,5.5,5.25,9.333333,6.5357144,3.4000001,9.8999996,9.8888893,8.0,1.25,9.75,9.25
1,2024,119,PVDA-PTB,9.86,5.1300001,6,2.4444444,2.0,1.5,0.80000001,0.80000001,1.0,1.6666666,0.625,2.0,2.53571425,5.75,2.7777777,2.5,5.0,8.0,2.0,4.75
2,2024,201,S,27.54,15.57,5,5.818182,5.0,4.3333335,4.0,4.090909,3.5,3.75,3.5999999,7.0,3.54999995,1.3333334,7.2727275,7.7777777,3.5999999,5.0,6.0,7.0
2,2024,202,RV,3.79,7.0799999,3,7.0,6.25,6.0,4.909091,5.5454545,5.6666665,5.25,5.5,4.5,1.86666665,1.0,3.0,3.2222223,1.8,5.75,3.0,2.0
2,2024,203,DKF,5.51,8.8400002,2,5.5454545,6.25,4.3333335,7.0,7.0,7.0,5.75,7.0,7.25,5.3833332,2.0,7.181818,7.3333335,5.1999998,5.75,6.0,7.3333335
2,2024,206,SF,8.29,17.42,7,5.5454545,4.25,4.6666665,2.7272727,2.7272727,2.1666667,2.5,2.5,5.25,2.0,1.0,4.6363635,4.7777777,2.2,5.5,3.5,5.5
2,2024,211,V,13.31,14.72,3,6.0,6.0,5.0,6.6363635,6.5454545,6.6666665,4.75,6.1999998,6.75,4.25,1.3333334,7.090909,7.4444447,5.8000002,4.25,6.5,6.6666665
2,2024,213,EL,5.16,7.04,6,3.090909,3.0,1.3333334,1.2727273,1.3636364,1.1666666,2.5,1.1,3.25,1.0666667049999998,0.66666669,3.0,2.8888888,1.4,5.5,2.3333333,3.5
2,2024,215,DPP,2.63,6.3699999,1,1.9090909,3.0,1.3333334,8.0,5.5454545,5.1666665,6.0,5.5999999,8.25,6.58333325,2.0,9.0,9.333333,7.0,4.25,9.0,8.833333
2,2024,218,LA,7.87,6.9499998,3,4.6363635,6.25,3.3333333,7.818182,8.363636,9.0,7.25,8.5,4.5,4.3833332,1.3333334,6.5454545,5.6666665,6.1999998,5.25,6.3333335,5.1666665
2,2024,219,ALT,3.33,2.6600001,7,5.181818,4.25,3.5,2.0,2.3636363,2.1666667,3.25,2.3,2.75,1.200000005,1.0,3.2727273,2.5555556,0.80000001,2.5,1.6666666,2.0
2,2024,220,NB,3.66,,1,2.5454545,4.0,1.6666666,8.818182,7.909091,8.0,6.75,8.0,8.333333,7.0,1.0,9.090909,9.1111107,6.5999999,5.3333335,9.0,8.833333
2,2024,221,M,9.27,5.9499998,3,6.3636365,6.0,5.3333335,5.5454545,5.6363635,5.5,4.75,5.8000002,6.5,4.16666675,1.3333334,5.818182,6.5555553,4.75,6.25,5.5,4.6666665
2,2024,222,DD,8.08,7.3899999,1,3.1818182,3.75,2.0,7.5454545,6.7272725,5.6666665,5.75,5.5999999,8.0,6.066666850000001,1.3333334,8.727273,9.0,7.8000002,2.75,8.666667,8.833333
3,2024,301,CDU,18.9,23.700001,4,6.4210525,6.0,4.3333335,6.5789475,6.5789475,6.25,6.1666665,6.3888888,7.1111112,5.3666668,6.375,7.2105265,7.3888888,5.8000002,3.6666667,5.875,5.8571429
3,2024,302,SPD,25.7,13.94,5,6.3684211,5.5714288,4.6666665,3.4736843,3.4736843,2.3333333,3.3333333,2.8888888,4.2222223,3.33333335,2.875,5.0,4.1666665,3.4000001,6.3333335,2.875,3.2857144
3,2024,303,FDP,11.5,5.1799998,3,5.8421054,6.8333335,4.0,6.0555553,7.5789475,8.833333,8.0,8.1111107,2.6666667,3.5,2.0,6.0555553,5.1176472,6.6999998,4.3333335,3.4285715,2.7142856
3,2024,304,Grunen,14.8,12.0,7,6.7894735,5.5714288,5.8333335,3.0555556,3.3684211,2.1666667,3.5,3.0555556,1.8888888,1.9555555999999998,2.75,2.4736843,1.3888888,0.89999998,5.6666665,0.75,1.2857143
3,2024,306,DL,4.9,2.74,6,3.7222223,2.7142856,2.5,1.4210526,1.3684211,1.1666666,1.5,0.94444442,3.0,1.7222222500000002,1.5714285,2.5625,2.0,2.1111112,7.0,1.25,1.7142857
3,2024,308,CSU,6.2,6.3200002,4,5.5,5.4000001,2.75,7.5714288,6.7692308,5.875,6.6666665,6.9285712,7.5714288,6.125,7.4000001,7.5384617,7.6666665,6.4285712,2.8333333,6.8333335,6.5
3,2024,310,AfD,10.3,15.89,1,1.8947369,2.4285715,1.1666666,9.2631578,7.6315789,7.0999999,6.5999999,7.0588236,9.1111107,7.7777779,4.8571429,9.9473686,9.8888893,9.0,4.25,10.0,9.5714283
3,2024,313,BSW,0.0,6.1700001,6,2.4210527,2.1428571,1.8333334,3.625,2.7777777,2.2,2.1666667,2.0,6.25,4.74285695,1.4,8.6315794,8.2142859,7.2222223,5.6666665,7.1428571,6.8571429
3,2024,314,FW,0.0,2.6700001,9,4.0,4.75,3.0,6.75,6.4545455,6.0,7.0,6.6363635,7.0,6.29166675,7.3333335,7.4000001,7.5,7.5,1.75,7.0,6.6666665
4,2024,401,PASOK,11.46,12.79,5,6.8000002,5.5,6.0,4.1999998,4.3000002,3.25,4.5,3.4000001,5.5,3.0,4.5999999,4.5555553,4.5555553,3.1666667,3.8,4.0,3.4285715
4,2024,402,ND,40.79,28.309999,2,7.0,6.5,5.0,6.9000001,7.4000001,6.75,7.5,6.9000001,7.5,4.75,6.5999999,7.8000002,6.5555553,5.5,6.8000002,6.5999999,5.8571429
4,2024,403,SYRIZA,20.07,14.92,6,5.6999998,4.0,4.5,3.0,3.2,2.0,3.0,2.7,3.5,1.25,2.5999999,3.0999999,2.5555556,2.0,3.4000001,1.8,3.1428571
4,2024,404,KKE,7.23,9.25,6,1.2,1.5,1.5,0.5,0.40000001,1.25,0.33333334,1.2,2.0,4.66666675,1.0,4.0,5.4000001,5.3333335,5.25,2.75,6.5714288
4,2024,416,EL,4.45,9.3000002,1,2.5555556,2.0,2.5,8.8999996,6.5,5.6666665,6.3333335,5.8333335,9.0,8.6999998,9.0,9.8000002,9.625,6.6666665,7.5,9.8000002,9.5714283
4,2024,419,Niki,0.0,4.3699999,10,2.7777777,2.0,2.5,9.1999998,5.6666665,6.0,4.3333335,5.75,9.0,9.3499999,9.6000004,9.5,9.625,5.0,7.5,9.8000002,9.7142859
4,2024,420,PE,0.0,3.4000001,6,3.9000001,,2.0,3.0,2.5555556,1.6666666,2.25,1.75,3.0,1.5,3.3333333,2.7142856,3.4000001,3.0,3.0,2.75,5.0
4,2024,421,FL,0.0,3.04,1,3.3333333,2.0,3.5,9.4444447,8.0,7.6666665,7.6666665,8.5,9.5,9.1666665,9.0,9.666667,9.875,5.6666665,8.5,9.8000002,9.833333
4,2024,422,Spartans,0.0,,1,3.0,2.0,1.0,10.0,5.1666665,7.0,3.6666667,4.5,9.5,8.75,7.8000002,10.0,9.875,7.0,7.5,9.8000002,9.7142859
5,2024,501,PSOE,31.68,30.200001,5,6.9375,5.0,6.1999998,3.8125,3.9375,2.375,4.1428571,3.1875,3.2857144,1.8125,2.4285715,4.1875,4.1999998,2.5714285,3.5999999,3.0,4.125
5,2024,502,PP,33.06,34.200001,2,6.4375,3.0,6.0,7.1875,7.25,7.75,7.2857141,6.625,7.1428571,5.5,6.0,7.0,7.4666667,5.7142859,7.0,6.5,6.375
5,2024,504,IU,1.98,,6,4.5999999,3.0,3.2,1.7333333,1.6,1.0,1.5714285,1.6,1.8333334,2.375,0.5714286,2.2666667,2.75,2.2857144,3.8,2.4285715,2.25
5,2024,506,EAJ/PNV,1.12,0.54000002,8,6.0666666,6.0,5.5999999,6.125,6.1999998,6.0,5.6666665,5.5,4.8571429,4.0,6.5,5.5384617,6.5,4.4285712,0.0,3.1428571,5.7142859
5,2024,511,ERC,1.89,1.63,8,5.7142859,6.0,4.5999999,3.4000001,2.8571429,2.5714285,3.5,3.3333333,2.6666667,2.28571425,1.2857143,3.2857144,4.6428571,2.5714285,0.0,2.8571429,5.1428571
5,2024,513,BNG,0.62,1.63,8,5.3333335,4.0,4.4000001,2.6875,2.7333333,2.125,2.6666667,2.6875,2.1428571,2.53571425,0.66666669,3.0,3.9000001,2.8571429,0.0,2.5,4.8571429
5,2024,517,Cca,0.47,0.54000002,8,5.8571429,,5.5999999,6.0,5.8666668,6.0,5.4000001,5.2857141,3.5,4.66666675,4.5999999,6.3846154,6.1111112,4.25,0.75,3.8571429,5.4000001
5,2024,524,EH Bildu,1.36,1.63,8,5.0666666,5.0,4.1999998,2.375,2.5,1.75,2.6666667,2.4375,2.4285715,2.33928575,0.66666669,3.0,4.0,2.5714285,0.0,2.625,5.0
5,2024,525,Podemos,1.59,3.3,6,4.6875,3.0,3.2,1.5625,1.625,1.125,1.7142857,1.6875,1.5714285,1.125,0.5714286,1.5625,2.3333333,2.0,3.0,2.125,2.375
5,2024,527,Vox,12.38,9.6000004,1,3.0625,1.0,4.1999998,9.375,9.0,9.625,8.7142859,8.5625,9.8571424,8.0625,8.2857141,9.6875,9.9333334,9.2857141,10.0,9.375,9.625
5,2024,550,Junts,1.6,2.52,8,5.6428571,6.0,4.8000002,6.5999999,6.3333335,7.0,6.1666665,6.2666669,5.8333335,4.404761799999999,4.6666665,6.8571429,7.6153846,4.2857141,0.0,4.2857141,6.5714288
5,2024,551,Sumar,8.76,4.6999998,6,5.375,4.0,4.1999998,2.3125,2.2666667,1.375,2.2857144,2.0625,2.0,1.1875,0.71428573,2.3125,2.5999999,1.7142857,3.5999999,2.25,2.125
5,2024,552,Salf,0.0,4.5799999,1,2.8,1.0,3.0,8.9333334,8.4285717,9.0,9.0,8.3076925,8.6000004,7.25,9.333333,9.3846149,9.6153851,9.0,8.0,8.8571424,9.0
5,2024,553,UPN,0.21,0.54000002,8,5.9166665,,5.5999999,7.625,7.0714288,7.5714288,6.1999998,6.5999999,7.5999999,5.57142855,7.8333335,6.7692308,7.3636365,6.0,3.25,4.4285712,7.1428571
6,2024,601,PCF,1.22,2.3599999,6,3.1111112,2.5,3.0,1.7272727,1.2727273,1.0,1.2857143,1.0,2.8333333,2.29999995,0.42857143,3.090909,4.4444447,4.3333335,4.6666665,2.3333333,3.25
6,2024,602,PS,9.9,13.83,5,6.2727275,5.5,4.5,3.4545455,3.3636363,1.6666666,3.4285715,2.2,2.8333333,1.875,1.7142857,3.1818182,3.3636363,3.3333333,4.5,2.3333333,2.75
6,2024,605,LE/EELV,4.8,5.5,7,6.1999998,4.5,4.0,2.3,2.3,1.3333334,1.2857143,1.4,2.1666667,0.650000005,1.5714285,1.6,1.7,2.0,2.3333333,1.6666666,0.66666669
6,2024,609,LR,9.01,7.25,2,5.2727275,5.5,2.5,7.7272725,7.818182,7.3333335,7.2857141,7.4000001,7.8333335,6.07500005,4.2857141,8.363636,8.181818,7.3333335,6.3333335,8.0,8.333333
6,2024,610,RN,37.06,31.370001,1,2.1818182,2.0,1.0,8.818182,6.0,4.3333335,4.0,4.6999998,8.833333,6.8499999,2.8571429,9.545455,9.818182,8.0,5.0,9.333333,10.0
6,2024,613,MoDem,5.096,3.3399999,3,6.818182,6.25,4.5,5.3636365,5.6999998,5.3333335,6.7142859,5.5,3.8333333,3.5999999,3.2857144,4.6666665,5.3000002,5.6666665,4.75,5.6666665,3.3333333
6,2024,626,RE,15.41,9.0200005,3,6.2727275,6.5,4.5,6.2727275,6.181818,6.5,7.0,6.1999998,5.8000002,2.775,2.5,5.7272725,5.6363635,5.6666665,5.0,5.0,4.0
6,2024,627,FI,11.19,9.8900003,6,3.0,3.25,2.5,0.81818181,0.90909094,1.0,0.66666669,1.0,2.0,1.125,2.2857144,1.5454545,1.4545455,3.3333333,5.0,1.3333334,3.0
6,2024,630,REC,0.75,5.4699998,1,1.6363636,3.0,1.5,9.727273,8.333333,8.5,5.8000002,7.8888888,9.5,9.1750002,5.8571429,9.666667,9.818182,7.8333335,9.5,9.666667,10.0
6,2024,631,Horizons,4.018,2.1800001,3,6.4444447,6.75,5.0,6.5999999,6.8000002,7.0,7.4285712,6.4000001,5.5,4.4749999,3.0,6.0,6.3000002,6.3333335,5.5,6.0,5.0
7,2024,701,FF,21.9,20.4,2,6.4615383,6.3333335,3.0,5.3076925,5.2307692,4.4444447,5.3333335,4.5384617,4.8333335,3.79166665,4.6666665,4.6923075,5.4545455,5.0,6.5,4.4285712,5.3333335
7,2024,702,FG,20.8,20.799999,4,6.7692308,6.6666665,3.75,6.1538463,6.1538463,6.3333335,5.6666665,5.6153846,5.6666665,3.16666665,4.0,4.7692308,5.181818,5.0,6.5,4.4285712,4.8333335
7,2024,703,Lab,4.7,3.4000001,5,6.0,5.0,2.5,3.4615386,3.4615386,2.8888888,3.3333333,3.0,3.1666667,1.8333333,2.0,3.3076923,3.2727273,3.8,3.5,4.0,3.5
7,2024,705,GP,3.0,5.4000001,7,5.9166665,4.6666665,2.75,3.4615386,3.7692308,3.0,3.3333333,3.3076923,2.5,2.02083335,2.3333333,3.0,2.909091,2.5999999,3.0,3.8571429,2.6666667
7,2024,707,SF,19.0,11.14,8,4.0769229,3.0,1.5,2.6923077,2.4615386,2.1111112,3.0,1.7692307,4.4000001,2.83333335,3.5,5.6923075,5.181818,6.4000001,5.0,4.7142859,6.8333335
7,2024,709,S-PBP,2.8,1.8200001,6,2.8461537,2.3333333,1.75,1.0769231,0.92307693,1.2222222,1.3333334,0.92307693,3.3333333,1.4583333,1.5,1.8333334,1.625,4.0,4.5,2.8333333,2.5
7,2024,710,SD,4.8,2.95,5,5.3846154,3.3333333,2.5,2.7692308,2.8461537,2.4444444,2.6666667,2.3846154,3.3333333,1.8958333,2.0,3.0,3.1818182,4.0,3.5,3.3333333,3.0
7,2024,713,Aon,3.9,3.76,2,3.0,3.3333333,1.0,6.5,4.8333335,5.5,4.0,4.3636365,7.6666665,6.95238115,7.4000001,7.8461537,8.0,6.8000002,5.0,6.0,7.3333335
8,2024,811,Lega,8.79,9.0,1,1.6,3.6666667,1.2,8.666667,6.8000002,7.25,5.9000001,7.7142859,8.666667,8.08888865,7.25,9.8666668,9.7692308,8.25,2.9230769,8.0,9.125
8,2024,815,FI,8.11,9.6000004,2,5.3333335,6.0,5.1999998,6.7333331,7.4000001,8.5,7.8000002,8.2142859,6.3333335,5.9000001,5.2857141,6.4666667,6.5384617,7.0,5.0769229,7.0,6.625
8,2024,827,SVP,0.42,0.51999998,8,5.5454545,5.5,5.0,4.9166665,5.0,4.0,4.4285712,5.1999998,5.0,4.04999995,6.0,5.5,6.0,4.0,1.7692307,1.0,5.75
8,2024,832,+E,2.83,3.77,3,6.9333334,6.3333335,7.0,4.3333335,5.2666669,4.25,5.8888888,4.5384617,1.8333334,0.844444455,0.625,2.4285715,2.6153846,3.25,5.5999999,1.3333334,0.5
8,2024,837,PD,19.04,24.1,5,6.8000002,5.6666665,6.4000001,2.9333334,2.9333334,2.0,3.2,2.5714285,3.3333333,0.47777779500000006,2.5,2.2,2.0,1.875,5.8461537,1.25,1.5
8,2024,838,SI,1.8,3.4000001,5,4.8461537,3.0,3.75,1.2307693,1.3846154,0.25,1.4444444,0.92307693,1.75,0.52777779,1.25,0.76923078,1.4615384,1.0,6.0833335,0.0,0.85714287
8,2024,844,FDI,25.98,28.799999,1,3.2666667,4.1666665,3.2,8.4666662,6.4000001,6.0,5.4000001,7.0714288,8.833333,7.875,7.6666665,9.4666662,9.333333,7.0,5.3846154,9.5,9.5
8,2024,845,M5S,15.43,10.0,9,4.0714288,3.5999999,2.8,3.3333333,2.8666666,2.0,3.4000001,1.6428572,4.3333335,3.0,2.625,4.8666668,4.8461537,1.5,6.4545455,3.5,4.375
8,2024,849,A,7.78,3.3599999,3,6.7857141,6.0,6.4000001,4.4285712,5.2142859,4.3333335,5.9000001,4.7692308,2.8333333,2.225,2.8571429,3.7692308,4.1666665,4.1428571,4.5,2.3333333,2.5
8,2024,850,EV,1.8,3.4000001,7,5.7142859,3.8,3.4000001,2.1428571,2.2142856,0.33333334,2.1111112,2.1666667,1.5,0.962500005,1.375,1.3076923,1.4615384,0.14285715,6.5,1.0,0.875
10,2024,1001,CDA,3.31,9.5,4,5.4166665,6.5,4.5,5.75,5.75,5.0,5.1428571,5.4000001,6.4000001,5.20000005,7.7142859,6.0,6.2727275,5.5999999,5.3333335,5.0,5.3333335
10,2024,1002,PvdA,7.88,10.55,5,6.1666665,5.6666665,5.5,3.0,2.9166667,2.0,2.2857144,3.0,3.0,1.6,1.8333334,3.4166667,3.1818182,3.0,5.6666665,2.0,3.6666667
10,2024,1003,VVD,15.24,11.3,3,5.1666665,7.0,4.75,7.6666665,7.6666665,8.0,8.0,7.1999998,8.0,4.39999985,2.1666667,8.583333,8.090909,6.1999998,4.3333335,6.5,5.6666665
10,2024,1004,D66,6.29,8.3999996,3,6.9166665,7.0,6.0,4.6666665,5.5,6.0,5.1428571,5.4000001,1.8,1.10000001,1.1666666,2.5,3.0,3.4000001,3.6666667,2.5,4.0
10,2024,1005,GL,7.88,10.55,7,6.3333335,5.6666665,5.5,2.5,2.5,1.0,2.5714285,2.9000001,2.0,0.90000001,1.3333334,2.0833333,2.1818182,2.4000001,4.3333335,1.5,4.3333335
10,2024,1006,SGP,2.08,3.7,10,2.75,3.6666667,1.5,8.0,7.1999998,,6.6666665,4.8571429,8.25,9.8166666,9.8571424,8.666667,8.6000004,6.0,3.5,8.0,5.6666665
10,2024,1014,SP,3.15,2.2,6,3.0,2.5,2.75,1.1666666,1.3333334,0.0,0.5714286,1.6666666,3.8,4.125,1.1666666,5.5833335,5.7272725,4.4000001,6.0,4.5,4.3333335
10,2024,1016,CU,2.04,2.8900001,10,4.5833335,5.0,3.5,4.5833335,4.3333335,4.0,4.0,4.1111112,4.1999998,5.39999985,9.0,4.25,5.2727275,3.8,4.3333335,4.0,3.6666667
10,2024,1017,PVV,23.49,17.0,1,1.5,1.3333334,1.0,9.083333,6.3333335,8.0,5.0,5.2222223,9.8000002,6.89999985,6.8571429,9.833333,9.545455,7.5999999,6.0,9.5,6.0
10,2024,1018,PvdD,2.25,4.5,7,3.5,2.5,3.0,1.5,2.2727273,1.0,1.7142857,4.2222223,1.6,1.7000000000000002,2.2,2.4000001,3.3,2.2,6.0,1.5,2.3333333
10,2024,1050,DENK,2.37,,9,4.2857141,3.5,4.0,3.8888888,3.5999999,,3.3333333,3.625,3.25,7.57500005,8.166667,1.2222222,1.8888888,5.0,5.5,0.0,2.3333333
10,2024,1051,FvD,2.23,2.49,1,1.0833334,1.0,1.0,9.833333,8.8000002,7.0,8.166667,7.125,9.1999998,8.4333334,6.0,9.916667,9.727273,7.8000002,6.6666665,10.0,6.6666665
10,2024,1052,Volt,1.71,5.0999999,3,7.0,7.0,7.0,4.5454545,4.6999998,5.0,4.4285712,4.5555553,2.0,1.1,1.4,2.090909,2.2,3.8,6.3333335,1.5,4.0
10,2024,1054,BBB,4.65,5.4000001,9,2.5833333,4.0,2.6666667,7.75,7.0,6.0,6.4285712,6.2222223,7.4000001,6.20000005,5.8333335,7.9166665,7.6363635,7.1999998,2.3333333,6.5,5.3333335
10,2024,1056,NSC,12.88,3.7,4,4.0,5.5,3.25,6.5833335,6.0,6.0,5.1428571,4.3000002,7.1999998,5.0999999,7.2857141,7.1666665,7.181818,5.0,4.3333335,6.0,5.6666665
11,2024,1101,CONS,23.7,,2,1.7619047,2.25,1.1666666,7.6666665,7.4285712,7.1666665,7.0,7.1500001,7.5,5.381119,5.1428571,8.2857141,7.1578946,5.9000001,6.4000001,5.6363635,7.5454545
11,2024,1102,LAB,33.7,,5,4.4285712,4.25,3.8333333,3.8095238,3.6190476,3.0,4.1333332,3.55,4.625,2.51048955,3.5714285,5.0952382,3.3157895,2.8,2.8,2.3636363,3.5454545
11,2024,1104,LIBDEM,12.2,,3,5.7619047,5.75,5.1999998,3.8571429,4.2857141,2.75,4.0,3.6842105,2.0,1.9015151499999998,2.4000001,3.3809524,2.8421052,2.3,2.0,2.5454545,2.1818182
11,2024,1105,SNP,2.5,,8,6.3684211,6.25,6.0,3.3157895,3.1111112,2.5,3.5999999,2.8125,4.25,2.0785714,2.8,2.6428571,2.3846154,3.0,0.16666667,2.0,4.7777777
11,2024,1106,Plaid,0.7,,8,6.1999998,5.5,7.0,3.125,2.9230769,,3.75,3.1666667,3.5,2.83333335,2.5999999,3.625,3.3333333,3.3333333,0.40000001,3.3333333,5.0
11,2024,1107,GPEW,6.4,,7,6.1500001,5.25,5.25,2.05,2.0999999,1.4,2.0833333,2.2777777,2.0,1.363636375,1.5,2.7368422,1.9375,0.55555558,1.5,1.625,1.6363636
11,2024,1110,REF UK,14.3,,1,1.0476191,1.0,1.0,9.2380953,8.3888893,7.5999999,7.181818,8.0,9.7142859,7.44755245,5.6666665,9.8095236,9.3684206,8.5555553,9.0,8.272727,9.818182
12,2024,1201,CDU,3.2,4.0999999,6,2.0,1.0,2.25,1.1818181,0.60000002,0.80000001,1.1666666,1.1,2.1666667,3.0,0.66666669,3.0,2.875,4.4000001,3.2,2.75,4.75
12,2024,1202,CDS-PP,2.5,4.7600002,2,6.4545455,5.0,4.25,7.6363635,7.3636365,7.8000002,5.8333335,6.3000002,7.0,6.60000015,8.166667,7.3636365,8.4444447,5.5999999,6.0,8.25,7.5
12,2024,1205,PS,28.0,32.099998,5,7.0,6.0,5.75,4.181818,4.181818,2.5999999,2.1666667,2.5,1.8333334,1.300000005,2.0,2.4545455,2.7777777,4.0,3.2,3.0,1.5
12,2024,1206,PPD/PSD,28.8,26.299999,3,7.0,6.5,5.5,6.909091,6.7272725,8.0,5.8333335,5.0,6.0,4.39999995,5.8333335,6.0,6.1111112,4.5999999,4.0,6.75,4.5
12,2024,1208,BE,4.4,4.3000002,6,3.6363637,2.5,2.5,1.3636364,1.2727273,1.0,0.16666667,0.69999999,0.66666669,0.30000001,0.33333334,1.3636364,1.2222222,3.4000001,2.8,1.75,1.0
12,2024,1250,PAN,2.0,1.21,7,6.125,3.5,4.0,3.4000001,3.4000001,3.6666667,1.0,2.625,1.6666666,1.175,0.33333334,2.625,1.8333334,4.25,3.75,1.3333334,2.25
12,2024,1251,L,3.2,3.76,7,6.5,3.0,5.0,3.3,3.4000001,2.0,0.5,2.3,0.80000001,0.7,0.5,2.5,1.875,4.0,3.25,1.6666666,1.75
12,2024,1252,IL,4.9,8.1999998,3,6.0999999,7.0,4.5,6.909091,8.090909,9.0,9.166667,7.9000001,0.5,1.70000005,1.6,3.5555556,4.0,4.5,3.6666667,3.5,2.25
12,2024,1253,Chega,18.1,9.8000002,1,3.2727273,2.5,1.75,9.272727,8.090909,7.8000002,6.75,6.5999999,10.0,8.5,8.0,9.727273,9.7777777,5.5,8.0,9.0,9.25
13,2024,1301,SPO,21.1,23.219999,5,6.0833335,4.6666665,3.6666667,3.1666667,2.75,2.6666667,2.3333333,3.0,4.5,1.9625,1.4285715,5.0833335,5.0,4.1666665,4.3333335,3.8,3.8571429
13,2024,1302,OVP,26.3,24.52,4,5.0,5.0,4.25,7.1666665,7.0,7.6666665,6.6666665,6.0,8.5,5.92499995,6.5714288,8.25,8.25,6.3333335,1.3333334,6.0,6.5714288
13,2024,1303,FPO,28.8,25.360001,1,1.9166666,2.3333333,1.0,9.333333,6.5833335,7.3333335,6.125,5.0,10.0,8.0124998,6.8571429,9.833333,10.0,8.0,4.0,9.1999998,10.0
13,2024,1304,Grune,8.2,11.08,7,6.4166665,5.0,4.25,2.6666667,2.6666667,2.0,3.2222223,3.3333333,2.75,0.25,0.85714287,3.0833333,2.75,1.6666666,5.0,1.0,0.42857143
13,2024,1306,NEOS,9.1,10.14,3,6.9166665,7.0,6.25,5.8333335,7.5,8.0,9.1111107,6.181818,3.0,0.975,1.2857143,4.3333335,4.0833335,3.1666667,4.6666665,2.5999999,1.1428572
14,2024,1401,SDP,19.95,14.86,5,6.181818,6.0,5.0,3.5454545,3.1818182,2.625,4.0,2.6363637,3.5,2.41666665,2.4000001,3.4545455,4.090909,3.1666667,5.2857141,3.0,3.2
14,2024,1402,KOK,20.8,24.77,2,6.2727275,6.4000001,5.0,7.818182,8.0,8.625,8.333333,6.909091,5.75,3.81666665,4.8000002,4.6363635,5.6363635,5.3333335,7.1428571,5.5,2.8
14,2024,1403,KESK,11.3,11.76,11,4.818182,4.4000001,3.5,5.7272725,5.818182,5.25,5.3333335,5.090909,5.5,4.6166667,6.4000001,5.6363635,6.2727275,5.5,2.2857144,5.8333335,5.8000002
14,2024,1404,VAS,7.1,17.32,6,5.5454545,5.5999999,5.0,1.5454545,1.6363636,1.25,2.3333333,1.2727273,2.0,1.6833333499999998,1.2,1.9090909,2.1818182,1.5,4.7142859,1.6666666,2.5999999
14,2024,1405,PS,20.1,7.5999999,1,2.4545455,2.4000001,1.5,8.181818,8.181818,8.625,7.3333335,7.0,8.0,7.5,7.1999998,9.363636,9.636364,8.166667,6.2857141,9.333333,8.6000004
14,2024,1406,SFP/RKP,4.3,6.1700001,8,6.5454545,6.8000002,4.5,6.3636365,7.0,6.375,6.6666665,5.7272725,4.75,2.79999995,4.5999999,3.1818182,3.1818182,4.3333335,4.2857141,2.3333333,3.2
14,2024,1408,VIHR,7.04,11.27,7,6.3636365,6.5999999,4.5,3.909091,4.090909,3.125,4.3333335,3.0,1.5,1.483333355,1.4,1.2727273,1.8181819,0.5,4.7142859,1.5,1.6
14,2024,1409,KD,4.2,4.1199999,10,4.0,3.75,3.0,7.5454545,7.0,6.875,5.0,5.6999998,6.5,7.0,9.3999996,7.181818,8.090909,5.8000002,5.4285712,6.8333335,7.1999998
14,2024,1410,Liik,2.4,0.52999997,3,4.5999999,5.0,4.0,7.5555553,8.1000004,8.166667,8.333333,7.25,6.25,4.5,5.0,5.5714288,5.5999999,5.75,5.75,4.6666665,3.5
14,2024,1414,AS,0.37,,8,6.0,4.0,5.0,6.6666665,7.3333335,6.0,8.0,6.0,5.0,7.0,5.0,3.0,7.5,5.0,4.0,0.0,5.0
16,2024,1601,V,6.8,11.06,6,3.3157895,4.0,2.0,1.5789474,1.8947369,0.5,0.86666667,1.3684211,2.0999999,1.3402778,1.6666666,3.0526316,2.1578948,1.4,5.0,2.25,2.0999999
16,2024,1602,SAP,30.3,24.77,5,5.7368422,6.1111112,3.5999999,3.7368422,3.6842105,2.5,3.6666667,3.0,6.4000001,2.2430556,3.0,6.9473686,5.4444447,3.7,5.2857141,5.25,4.5
16,2024,1603,C,6.7,7.29,11,6.1052632,6.4444447,4.4000001,5.9473686,7.8421054,7.5,8.5333338,6.5789475,3.0999999,1.8472222,2.5,3.4210527,3.3157895,2.5,4.2857141,3.090909,2.9000001
16,2024,1604,L,4.6,4.3800001,3,6.8421054,6.7777777,5.1999998,6.7368422,7.3157897,6.75,7.3333335,6.2631578,5.6999998,2.5069444,2.6666667,6.7894735,6.1578946,6.1999998,4.7142859,5.5454545,3.9000001
16,2024,1605,M,19.1,17.530001,2,5.7368422,6.3333335,4.0,7.5789475,7.8947368,8.0,8.2666664,7.3157897,8.6999998,4.3194444,3.0,8.4736843,8.0526314,7.5999999,5.7142859,7.181818,7.0999999
16,2024,1606,KD,5.3,5.71,4,5.352941,5.8888888,3.2,8.0,7.2631578,6.5,6.8000002,6.5789475,7.9000001,5.9305556,6.3333335,8.2631578,8.5789471,7.4000001,5.8571429,6.909091,7.1999998
16,2024,1607,MP,5.1,13.85,7,5.3157897,5.3333335,3.0,2.7368422,3.1578948,2.75,3.4666667,2.8947368,1.6,1.3888889,1.8333334,2.1578948,1.4736842,0.1,4.4285712,1.8181819,1.7
16,2024,1610,SD,20.5,13.17,1,2.6842105,3.6666667,1.0,8.5263157,6.3157897,5.5,4.5714288,5.3684211,9.3000002,6.26388885,3.5,9.9473686,9.8947372,9.0,5.2857141,9.416667,9.5
20,2024,2002,SDS,0.0,,1,6.5185184,6.8000002,5.875,7.0,7.3076925,5.4615383,6.818182,6.0833335,4.8461537,5.16666675,5.090909,6.4761906,6.1904764,4.9000001,6.1666665,3.6363637,4.5999999
20,2024,2003,BSP,7.32,7.0100002,5,4.4285712,4.5999999,2.6666667,3.6800001,2.8928571,4.0666666,2.909091,3.0769231,6.7857141,6.75,5.25,7.9583335,7.3809524,6.181818,5.7142859,5.2727275,7.7272725
20,2024,2004,APS,7.23,14.66,3,5.9629631,6.4000001,4.4444447,4.8333335,4.7600002,4.25,4.7272725,4.7199998,4.6428571,5.6500001,5.0,4.9545455,2.8181818,4.2727275,4.1428571,1.0769231,3.3
20,2024,2010,GERB,25.52,23.549999,2,6.4285712,6.8000002,5.4444447,6.4400001,6.6428571,5.4666667,6.181818,5.9615383,5.7857141,4.82828285,5.25,6.3333335,6.0434785,5.0833335,7.2857141,3.6666667,5.090909
20,2024,2018,DB,6.8,7.2249999,7,6.9285712,6.8000002,5.8888888,6.2800002,6.7857141,4.8000002,6.909091,6.0,2.6428571,2.44949495,3.5454545,4.9583335,3.6666667,2.9166667,3.8571429,2.2727273,2.0
20,2024,2019,ITN,6.56,6.04,1,4.3703704,4.0,2.5555556,6.6399999,5.1111112,5.6666665,5.1999998,5.5,7.5384617,7.0208335,5.25,8.608696,7.8499999,6.5555553,6.0,7.6666665,7.0999999
20,2024,2020,Vazrazhdane,12.92,13.98,1,1.4642857,1.5,1.2222222,8.1999998,3.8399999,4.4615383,3.5,3.5714285,9.2857141,8.70000005,6.75,9.5600004,9.652174,7.5999999,6.3333335,9.5384617,9.909091
20,2024,2021,PP,6.9,7.2249999,7,6.8928571,6.8000002,5.7777777,5.1199999,5.1071429,4.4666667,5.4545455,4.6153846,2.5714285,2.5454545,3.8,4.625,3.7083333,3.0,4.0,2.6666667,2.2727273
20,2024,2022,DPS - Novo nachalo,11.17,,3,5.814815,6.4000001,4.5,5.25,5.4583335,4.3333335,5.1999998,4.9166665,6.0,5.1875,4.7777777,5.6111112,3.2631578,4.875,4.0,0.75,3.5555556
20,2024,2023,MECh,4.44,2.54,1,3.2272727,2.3333333,2.2857144,5.8947368,4.1333332,6.375,3.4285715,4.5,8.6923075,7.4732144,5.3000002,8.8500004,8.7894735,7.6666665,6.0,7.818182,8.5555553
20,2024,2024,Velichie,3.87,4.0700002,1,2.7692308,2.5,2.1428571,6.3000002,4.2352943,5.6666665,4.5,4.5294118,8.7692308,7.91666675,6.2727275,8.9523811,8.9499998,7.5,6.0,8.727273,8.6999998
21,2024,2101,SOCDEM,4.66,1.86,5,5.0731707,4.5999999,3.5999999,2.7692308,2.390244,3.1176472,2.7333333,2.090909,5.1111112,3.57291665,2.125,5.9411764,5.967742,4.8000002,5.1666665,4.1875,5.2105265
21,2024,2102,ODS,13.31,11.14,2,4.0,5.9166665,2.5833333,7.125,7.2439022,6.352941,6.875,7.1714287,5.5263157,6.039682600000001,4.5333333,7.1282053,7.647059,6.0,6.5384617,6.3125,6.5
21,2024,2103,KSCM,3.61,9.5600004,6,1.4772727,2.6666667,1.0,1.0789474,0.75609756,2.9411764,1.1333333,1.5,8.6842108,6.7072649,0.82352942,9.333333,8.9444447,8.0,7.818182,7.4375,8.75
21,2024,2104,KDU-CSL,9.0,3.777,4,5.909091,5.0833335,4.8333335,6.0,5.3658538,4.4705882,5.0,4.742857,5.8947368,6.64682555,8.166667,6.5135136,7.1944447,4.647059,4.2666669,6.0,5.9499998
21,2024,2109,TOP09,5.48,7.4200001,2,6.4878049,5.9166665,5.8333335,6.875,7.2926831,6.4705882,6.75,6.9705882,3.6842105,3.2936507500000003,4.4375,5.1025643,5.3611112,3.5882354,5.0769229,4.3125,3.4000001
21,2024,2111,ANO2011,27.13,26.139999,9,3.0681818,4.9166665,1.7272727,4.2162161,3.8,5.4375,4.7333331,3.8,6.9473686,6.3849206,2.6923077,8.8461542,8.583333,7.6666665,7.2727275,7.5333333,7.8499999
21,2024,2114,Pirates,1.69,6.1999998,7,6.409091,6.25,5.7272725,4.1999998,4.4358974,3.5882354,5.0666666,4.40625,1.8888888,1.26587305,1.5294118,3.3157895,3.1142857,2.4705882,3.5714285,2.4117646,1.6
21,2024,2115,SPD,9.56,5.73,1,1.1136364,3.3333333,1.0,8.75,4.1025643,5.3571429,4.8461537,4.3235292,9.1578951,8.4743588,4.1538463,9.9230766,9.7567568,8.833333,8.25,9.7647057,9.8500004
21,2024,2116,STAN,13.9,8.6999998,3,6.6428571,6.0,5.5,5.8000002,5.8499999,5.0,6.0,5.8000002,3.7894738,3.03571425,3.1333334,5.0810809,5.1111112,3.5882354,2.5333333,4.5714288,3.2
21,2024,2117,Přísaha,4.68,5.2600002,9,2.2439024,3.0,1.4545455,7.6666665,5.8400002,5.5999999,5.4444447,5.6666665,8.833333,7.54861115,3.3333333,9.1764708,9.0370369,8.416667,7.25,8.6153851,8.4375
21,2024,2118,MOTO,0.0,5.0,1,1.5813954,3.5,1.1818181,8.4117651,7.4230771,7.3000002,6.5,7.3157897,8.1428576,8.0833335,3.3333333,9.454545,9.4615383,9.0,7.1666665,9.166667,9.0
22,2024,2201,Isaama,8.21,21.5,2,4.9473686,5.3333335,4.0,7.7894735,7.0,7.2222223,6.25,6.7647057,7.2142859,7.77083325,6.9000001,8.0,8.3684206,5.2222223,5.75,8.333333,7.4285712
22,2024,2202,EK,15.28,12.4,3,4.8000002,5.0,4.1666665,4.1666665,3.6666667,3.8888888,2.8571429,2.8125,5.0833335,5.54761885,4.1999998,5.1875,3.6666667,5.125,4.0,2.2,4.3333335
22,2024,2203,ER,31.24,17.9,3,6.5999999,6.8333335,5.7142859,6.6315789,7.3684211,5.4444447,7.25,6.9411764,3.2857144,3.35416665,4.2222223,4.1111112,5.5263157,4.5555553,7.1428571,5.5,4.2857141
22,2024,2204,SDE,9.27,19.299999,5,6.6999998,6.1666665,5.5714288,3.2105262,3.2631578,3.0,3.25,2.3125,3.0714285,2.10416665,3.2,3.0,3.2631578,3.6666667,4.0,2.6666667,2.8571429
22,2024,2209,EKRE,16.05,14.9,1,2.3499999,2.4000001,1.8571428,8.9473686,5.8421054,6.875,4.625,5.352941,8.4285717,9.3125,6.9000001,9.6111107,9.0526314,7.1111112,4.2857141,8.833333,8.4285717
22,2024,2210,E200,13.33,2.5999999,3,6.4000001,6.6666665,5.2857141,6.2631578,7.1052632,5.4444447,6.25,6.125,2.9230769,2.60416665,3.0,3.3529413,4.3888888,4.4444447,6.375,3.5999999,3.1428571
22,2024,2211,Parempoolsed,2.3,6.8400002,3,5.5333333,6.0,5.0,8.0,8.625,8.875,8.7142859,8.4615383,4.6666665,5.375,4.5,4.5384617,5.8333335,5.8000002,6.1666665,4.6666665,4.1999998
22,2024,2212,Vasakliit,2.4,,6,2.5,1.75,2.0,1.5555556,1.0909091,1.2,1.3333334,1.125,7.0,,1.3333334,4.5999999,2.0,5.0,5.0,0.0,4.0
23,2024,2301,MSZP,7.12,4.0100002,5,6.3888888,6.25,5.0,3.0,2.8235295,2.8888888,4.3333335,2.5294118,4.5999999,2.5555556,1.5454545,4.5999999,4.9166665,4.8571429,3.3333333,3.5999999,4.0
23,2024,2302,Fidesz-KDNP,34.33,44.82,1,2.8947368,5.0,1.5,8.6111107,3.7058823,6.8000002,3.2,5.4705882,9.5714283,8.7626264,8.818182,9.7777777,8.7333336,6.3333335,8.5,5.1999998,10.0
23,2024,2308,JOBBIK,6.47,0.99000001,1,4.4210525,5.0,3.6666667,6.4705882,4.7142859,3.7142856,4.4000001,4.5384617,7.7142859,6.5,6.3333335,7.4000001,7.5833335,5.0,4.5,4.75,6.1666665
23,2024,2309,LMP-MZP,7.12,0.87,7,5.1999998,5.5,4.0,3.7857144,3.6153846,2.5714285,4.75,3.25,2.8,1.72222225,1.4444444,4.4166665,4.3333335,1.6666666,1.8333334,2.5,3.2857144
23,2024,2311,DK,9.71,4.02,5,6.7777777,6.25,5.8888888,4.2777777,4.0,3.3333333,5.5,3.7647059,4.8571429,2.030303,1.3636364,4.4444447,4.6666665,4.2222223,3.0,4.5,2.4285715
23,2024,2314,Momentum,6.47,3.7,3,6.7777777,6.25,6.375,4.1666665,5.2222223,4.0999999,8.0,4.7058825,1.5714285,0.73232326,0.81818181,2.1111112,2.4375,2.4444444,1.1666666,2.5,1.4285715
23,2024,2315,MKKP,3.27,3.5899999,9,5.4705882,6.25,5.1428571,3.5,3.7142856,3.0,5.0,4.0666666,2.2857144,1.4040404,0.36363637,2.7647059,3.1333334,3.0,1.0,0.5,2.0
23,2024,2316,MHM,5.88,6.71,1,2.1111112,3.0,1.3333334,9.2941179,4.625,4.7142859,2.5,5.1333332,10.0,8.11111115,8.6000004,9.6470585,8.5,5.4444447,5.5999999,5.1666665,10.0
23,2024,2318,Tisza,0.0,29.6,4,5.4705882,6.3333335,4.5,6.1666665,5.4666667,3.4285715,6.4000001,4.75,5.2857141,3.875,4.8000002,6.6666665,5.3636365,4.3333335,3.0,4.0,6.0
24,2024,2402,LKS,3.67,,6,3.3181818,5.1999998,1.0,2.8666666,2.6111112,4.25,5.3333335,2.6153846,5.0,4.67499995,5.0,4.5,2.1818182,4.0,2.3333333,0.81818181,4.5555553
24,2024,2405,ZZS,12.58,2.3,7,5.3200002,5.0,5.0,5.7727275,5.4000001,4.6666665,4.125,5.2777777,6.0,5.27777765,4.5,6.9047618,7.2777777,4.25,3.8181818,4.5999999,7.0
24,2024,2406,NA,9.4,22.32,1,5.3809524,5.4000001,4.1666665,7.8421054,5.75,5.1111112,4.1999998,5.6875,7.7142859,6.22142865,6.0,9.1578951,9.1176472,4.75,6.75,8.1999998,8.75
24,2024,2410,Saskana,4.86,7.21,5,4.8400002,5.8333335,4.6666665,3.2857144,3.28,4.2222223,5.2857141,2.9375,5.3333335,3.89583335,4.125,5.0588236,3.0,4.4285712,3.2857144,0.90909094,4.181818
24,2024,2412,V,19.16,25.370001,3,6.8333335,6.5714288,6.1666665,5.9545455,6.1199999,4.8000002,4.25,5.7222223,5.1999998,2.4027778,3.4285715,5.7142859,6.2105265,3.25,6.2727275,5.0,5.9000001
24,2024,2414,AS,11.14,8.2700005,8,5.5833335,5.1428571,4.6666665,6.1428571,5.9166665,4.8000002,5.5,5.8823528,6.6666665,4.9375,4.1428571,6.7894735,7.647059,4.125,3.5999999,6.0999999,7.090909
24,2024,2417,AP!,5.03,9.46,3,6.7199998,7.0,6.0,5.181818,5.7199998,4.6666665,5.0,4.8235292,3.4285715,2.1666667,3.0,3.6666667,4.2222223,4.1111112,6.125,4.0,2.9000001
24,2024,2418,S!,6.88,2.0,8,3.0,4.3333335,3.3333333,4.25,3.3913043,6.0,5.1999998,4.0,5.625,5.1875,4.4285712,6.3571429,3.2727273,5.1999998,3.5714285,1.1818181,5.090909
24,2024,2419,LPV,6.31,6.23,9,3.5,5.1428571,2.8333333,6.6842103,6.0869565,7.1111112,6.5714288,6.6666665,6.6666665,6.7430556,7.75,6.625,4.5,5.8571429,5.6666665,3.0,6.1999998
24,2024,2420,Progresivie,6.23,7.5300002,7,6.8800001,6.4285712,6.5,2.6818182,2.72,2.6666667,3.5555556,2.1052632,3.0,1.166666625,2.5,2.5714285,3.1500001,2.1111112,6.0,3.4545455,1.9090909
25,2024,2501,LSDP,19.32,17.98,5,6.5789475,6.0,5.1999998,3.7058823,3.6111112,2.8888888,3.5999999,3.0714285,4.1666665,3.8125,2.625,5.1875,5.3846154,4.7142859,5.0,4.3333335,5.4000001
25,2024,2506,TS-LKD,18.0,21.33,2,6.7894735,6.0,4.8000002,6.4705882,5.8333335,3.6666667,5.5999999,5.0,4.8333335,3.52678575,6.0,5.4375,5.7857141,4.3333335,5.5,3.75,5.4000001
25,2024,2507,LVZS,7.02,9.1300001,11,5.0555553,6.0,2.75,6.4166665,3.8823528,4.625,4.1999998,4.3333335,6.5,7.4375,6.5,7.0666666,7.4166665,7.0,6.3333335,6.5,8.1999998
25,2024,2511,LLRA,3.88,5.7800002,8,4.4210525,6.0,2.6666667,7.0666666,3.4666667,3.625,4.6666665,3.8888888,6.5999999,8.1875,8.5,7.0,6.6999998,5.5,5.0,0.60000002,7.8000002
25,2024,2518,LS,7.7,5.4200001,3,6.7894735,5.5,5.0,6.5625,7.6666665,7.0,8.1999998,7.3571429,3.1666667,1.8125,2.125,4.0,4.3846154,3.8571429,2.6666667,3.6666667,4.0
25,2024,2524,Laisvės,4.62,8.1000004,3,6.7894735,6.0,5.0,6.2666669,8.0555553,7.3333335,8.3999996,8.0714283,2.0,0.625,1.125,3.3125,3.2857144,2.1428571,2.6666667,2.0,3.4000001
25,2024,2525,PPNA,14.97,,9,4.2941175,6.0,2.25,7.8000002,4.1428571,4.5714288,3.5,3.6363637,6.8333335,7.2142856,6.0,8.1999998,7.8333335,6.1999998,5.3333335,6.6666665,7.5
25,2024,2526,DSVL,9.22,5.9499998,7,6.3157897,5.5,4.75,4.5882354,4.6666665,4.1111112,4.75,4.3076925,5.1666665,4.5625,4.125,5.6666665,5.6153846,4.4000001,5.6666665,4.5,5.25
25,2024,2527,NS,2.87,3.79,1,3.4444444,6.0,1.6,8.6875,4.375,4.3333335,3.5,3.909091,7.6666665,7.875,8.1428576,9.0,9.5,5.8000002,4.6666665,8.0,9.1999998
25,2024,2528,PLT,0.77,1.25,3,5.1875,6.0,3.5,6.0714288,5.7857141,5.5,5.5,5.4000001,4.5999999,4.54166675,4.5,6.4545455,5.75,5.0,4.6666665,4.0,5.3333335
26,2024,2601,Nowa Lewica,5.55,5.0,5,6.8965516,5.8888888,5.7777777,2.4074075,2.3214285,1.9230769,3.3846154,2.3703704,2.0666666,0.700000015,1.2,3.1481481,3.0833333,1.8571428,3.0,1.6,1.5625
26,2024,2603,PO,30.7,37.099998,4,6.6333332,6.4000001,4.8000002,4.9285712,6.1724138,5.4615383,6.7142859,5.3928571,3.125,2.8916666500000003,3.7,7.0,5.9583335,3.5714285,3.5714285,3.2,3.5625
26,2024,2605,PiS,35.4,36.200001,1,3.0999999,4.4000001,1.4,7.6428571,2.5172415,3.6923077,3.7142856,2.6071429,8.3125,8.516666650000001,8.3000002,8.75,9.1599998,7.7142859,7.9285712,8.125,9.0625
26,2024,2606,PSL,14.4,3.1199999,11,5.3793101,5.1111112,3.0999999,6.5357141,4.1724138,5.1666665,3.6923077,3.8518519,5.5999999,6.8030305,6.9000001,7.2962961,7.6086955,5.5,4.1428571,6.0714288,6.75
26,2024,2619,Konfederacja,7.2,12.1,1,1.5172414,4.625,1.3,9.3928576,8.9642859,9.3846149,8.4615383,8.666667,7.875,9.240259649999999,7.6999998,9.8148146,9.695652,8.8571424,7.7777777,9.666667,9.8125
26,2024,2620,Razem,2.1,1.3,6,6.4444447,4.8571429,5.25,1.0384616,0.85185188,0.5,2.0769231,0.95999998,1.0666667,0.7333333449999999,0.55555558,1.8076923,1.875,1.4285715,2.9166667,1.0666667,0.875
26,2024,2623,Polska 2050,7.2,2.5999999,3,6.3103447,6.1111112,5.0,5.5925927,6.3214288,5.9230771,6.1538463,5.2692308,3.7333333,3.9848486000000003,5.5,5.6666665,5.7727275,3.6428571,3.4166667,4.1428571,4.0625
27,2024,2701,PSD,21.96,28.1,5,6.2173915,5.5555553,4.4285712,4.181818,4.0454545,3.6666667,3.7,2.7727273,5.0,5.2587414,7.909091,5.0952382,5.7894735,4.1999998,5.1111112,4.9000001,6.5555553
27,2024,2705,PNL,13.2,20.450001,3,6.5652175,6.3333335,4.5714288,6.2727275,6.818182,5.9166665,6.1999998,7.0999999,3.75,4.9576924,6.7272725,4.5714288,5.3157897,3.3,3.8888888,4.6999998,5.3000002
27,2024,2706,UDMR,6.33,6.48,8,6.2173915,5.5555553,4.1428571,5.590909,5.4285712,4.3636365,5.0,5.0500002,4.375,5.0461539,7.0,5.5,4.1666665,4.0,0.77777779,0.090909094,5.0
27,2024,2713,USR,12.4,8.7200003,3,6.652174,6.5555553,5.1666665,5.818182,7.0454545,7.3333335,6.4000001,7.5999999,3.75,3.4038461499999997,5.0,4.3333335,3.7368422,2.1111112,4.2222223,3.5999999,3.7
27,2024,2715,AUR,18.01,14.93,1,2.347826,3.3333333,1.0,9.136364,4.6500001,5.6363635,4.0,3.5,8.5,8.5749998,9.181818,9.3999996,9.2105265,7.7777777,8.2857141,9.727273,8.8999996
27,2024,2716,SOS RO,7.36,5.0300002,1,1.5454545,2.1666667,1.0,9.6190472,3.7647059,5.5714288,4.25,3.3125,8.8571424,8.625,9.0,9.5,9.4444447,8.7777777,8.5,9.818182,9.6999998
27,2024,2717,POT,6.46,,1,1.375,2.6666667,1.0,9.9285717,4.2222223,6.3333335,10.0,4.0,10.0,8.4375,9.5714283,9.0,9.833333,9.25,9.5,10.0,10.0
28,2024,2803,Smer-SD,23.0,24.77,5,3.0476191,5.4285712,1.5714285,4.7777777,2.4285715,2.7777777,3.25,2.4117646,8.25,8.0944445,5.909091,9.333333,9.0,6.75,7.1111112,8.1428576,8.5
28,2024,2805,KDH,6.8,7.1500001,2,5.5238094,6.1428571,4.5714288,6.9444447,5.6666665,4.8000002,5.0,4.25,6.375,6.98888875,9.090909,6.3333335,7.4375,5.0,4.875,5.0,7.875
28,2024,2809,SNS,5.6,1.9,1,2.0,4.3333335,1.7142857,8.5,4.4000001,3.6666667,2.3333333,4.0,8.25,8.627777550000001,8.818182,9.3888893,9.375,7.7777777,7.8888888,9.4285717,9.75
28,2024,2812,SaS,6.3,4.9200001,3,5.3333335,6.5714288,4.3333335,6.7777777,8.0,7.8000002,7.75,7.647059,2.75,3.13888885,1.4545455,5.6666665,5.25,5.7777777,3.875,5.0,3.0
28,2024,2814,OLaNO,8.9,1.99,2,4.7894735,5.6666665,3.8571429,6.1176472,5.0999999,4.25,4.1999998,3.875,5.25,6.20000005,7.5454545,6.1875,6.8571429,5.5714288,5.75,4.3333335,6.375
28,2024,2819,PS,18.0,27.82,3,6.9523811,6.8571429,6.1428571,4.5555553,5.0476189,3.9000001,5.0,4.5294118,1.75,0.316666675,1.4545455,2.4117646,1.75,1.1111112,3.5,2.5,1.25
28,2024,2822,Aliancia,4.39,3.8800001,8,3.7894738,5.5,2.25,7.0714288,5.1666665,5.0,3.0,4.909091,5.6666665,7.42499995,6.4444447,7.8000002,5.8666668,6.5714288,3.0,3.0,7.5
28,2024,2823,Hlas,14.7,7.1799998,5,4.7142859,5.7142859,3.1666667,4.0,3.5714285,3.3,4.5714288,3.5882354,6.0,5.8375001,4.6363635,7.1875,7.3333335,5.375,5.375,5.5,6.0
28,2024,2824,Republika,4.75,12.53,1,1.3809524,3.6666667,1.1428572,9.1111107,5.0526314,4.125,2.2,4.4000001,8.875,9.11111115,8.818182,9.7222223,9.6875,8.333333,8.0,9.7142859,9.875
29,2024,2902,SDS,23.48,30.610001,2,5.0588236,6.25,3.0,8.5,8.0588236,8.4285717,6.4285712,7.2307692,7.75,8.71428585,8.333333,9.125,8.9285717,6.75,2.8333333,7.6363635,9.0
29,2024,2903,SD,6.69,7.77,5,6.2941175,5.75,5.3333335,3.0714285,2.8235295,2.4285715,3.8571429,2.9230769,3.5,2.6964285500000003,1.6666666,3.5,3.2857144,3.125,4.5,2.3636363,2.5
29,2024,2905,NSi,6.86,7.5900002,4,6.1999998,5.75,4.8333335,7.4285712,7.5882354,8.666667,7.1428571,7.0769229,6.5,8.16071415,8.0,7.9375,8.1428576,6.0,3.5,7.090909,8.0
29,2024,2912,Levica,4.46,4.8099999,5,4.4705882,3.25,4.3333335,1.2142857,0.88235295,1.8571428,2.2857144,0.84615386,2.75,1.732142865,1.3333334,1.3125,1.2142857,2.2857144,5.1999998,1.1818181,0.5
29,2024,2916,GS,34.45,22.129999,3,6.1176472,6.6666665,5.5,3.7692308,3.375,2.5714285,3.6666667,4.0,3.75,2.95833335,2.0,3.8666666,3.3076923,3.7142856,5.5999999,2.4000001,2.75
29,2024,2917,Vesna,1.35,10.54,7,5.8571429,4.3333335,4.0,3.6428571,3.2666667,2.6666667,4.5999999,3.3,3.0,3.75,2.0,4.181818,3.7272727,1.875,4.5,2.5555556,2.5
29,2024,2918,Resni.ca,2.86,3.97,1,2.9333334,2.0,1.5,8.083333,7.6999998,6.75,9.0,6.375,8.0,8.0,2.0,8.1538458,8.333333,5.0,5.6666665,8.4285717,7.6666665
29,2024,2919,SLS,3.41,7.21,4,5.0625,5.75,2.6666667,7.9230771,6.8666668,8.0,6.0,6.818182,7.3333335,7.9749999,8.0,8.1333332,8.363636,5.4285712,3.1666667,7.5454545,8.5
31,2024,3101,HDZ,34.42,35.130001,4,6.8000002,5.8000002,4.3333335,6.4444447,4.5999999,4.625,5.5555553,4.4705882,6.0,5.93650795,6.8571429,5.352941,6.25,4.125,7.0,4.5999999,5.8000002
31,2024,3102,SDP,24.2,24.4,5,6.5500002,5.4000001,4.1666665,3.6666667,3.5999999,3.375,4.0,3.1176472,3.5,2.16666665,2.4285715,4.1764708,4.6875,3.25,3.5999999,3.2,3.4000001
31,2024,3106,IDS,2.25,3.6500001,8,6.6842103,6.1999998,4.8333335,4.0,5.1666665,5.1428571,5.875,4.875,3.0,2.6888888,2.5999999,3.9285715,3.7857144,3.0,1.5454545,1.4,1.4
31,2024,3110,SDSS,1.4,1.83,5,6.2777777,4.0,4.4000001,3.7222223,3.0,3.0,4.1111112,2.9230769,3.0999999,3.44642855,4.0,4.4000001,3.9230769,3.8333333,1.7777778,0.2,2.5999999
31,2024,3115,Most,8.02,4.0100002,2,4.0500002,3.0,1.5,7.7777777,6.0526314,6.25,6.25,5.352941,8.0,7.539682600000001,7.7142859,8.7058821,8.0666666,5.3333335,3.7,8.3999996,8.8000002
31,2024,3120,M!,9.1,5.9299998,7,6.3157897,4.5999999,4.5,2.2777777,2.3499999,1.875,2.8888888,2.1764705,1.4,0.619047645,1.1428572,2.5294118,2.4117646,0.55555558,1.8,1.1,0.2
31,2024,3121,Centar,1.2,1.23,3,6.3499999,6.0,4.8333335,4.7222223,6.3684211,6.25,6.8888888,5.7647057,2.2,2.47619055,1.5714285,3.9166667,4.6153846,3.25,2.5,2.5999999,1.8
31,2024,3122,DPS,9.56,8.8400002,1,3.4210527,2.5,1.5,8.9444447,6.3000002,6.25,6.125,6.0,9.0,8.4841268,9.1428576,9.2352943,8.6875,6.75,6.5,9.3999996,9.8000002
34,2024,3401,AKP,35.61,,2,3.6428571,,,8.1428576,6.7142859,4.3333335,7.75,6.3571429,8.8571424,8.69047645,9.375,2.7857144,4.6428571,8.0,9.2857141,6.5,8.4285717
34,2024,3402,CHP,25.33,,5,6.3571429,,,3.5,3.5,2.5555556,3.25,2.6428571,4.7142859,2.64285715,0.875,7.3571429,6.9285712,2.125,5.5714288,3.8333333,4.4285712
34,2024,3403,MHP,10.07,,1,1.9285715,,,9.1428576,6.0,4.3333335,4.6666665,6.2142859,10.0,8.6666665,8.5,5.7857141,8.2857141,6.875,10.0,8.166667,10.0
34,2024,3408,IYI,9.69,,3,4.7692308,,,6.2857141,5.2857141,2.8888888,5.25,4.3571429,6.2857141,5.2380953,3.875,8.5,8.1428576,4.5,8.0,7.6666665,6.8571429
34,2024,3415,DEM,8.9,,7,6.3076925,,,2.0,2.6666667,3.1111112,2.0,1.8571428,1.1666666,1.928571435,2.125,3.3,2.5714285,1.4285715,0.42857143,0.16666667,1.0
34,2024,3416,YRP,2.81,,10,1.25,,,9.1428576,6.1666665,3.875,4.5,4.4285712,8.2857141,9.64285705,10.0,6.75,7.4166665,6.3333335,7.0,7.5,8.5714283
34,2024,3417,TiP,1.73,,6,4.1111112,,,0.64285713,0.64285713,1.5,0.66666669,0.85714287,1.6,1.714285715,0.2857143,4.5999999,4.0,0.5714286,2.0,1.5,0.85714287
35,2024,3501,Ap,26.3,,5,5.2307692,,,3.6923077,3.6923077,3.5999999,3.8571429,2.9166667,5.75,2.0,2.75,5.6923075,4.9000001,4.5,5.2857141,4.2857141,4.7142859
35,2024,3502,FrP,11.6,,1,2.3076923,,,7.7692308,7.6923075,7.8000002,8.2857141,5.9166665,9.75,4.57142855,5.25,9.3846149,9.1999998,8.0,6.1666665,8.1428576,8.7142859
35,2024,3503,H,20.4,,2,6.2307692,,,6.6153846,6.8461537,6.5999999,7.4285712,6.25,6.25,2.5714285,4.5,6.2307692,5.6999998,5.3333335,6.2857141,4.4285712,4.2857141
35,2024,3504,SV,7.6,,6,2.0,,,1.8461539,1.9230769,1.4,1.5714285,1.25,2.25,0.64285715,1.25,2.0,1.9,1.6666666,3.8,2.4285715,1.5714285
35,2024,3505,Sp,13.5,,11,1.3076923,,,5.0769229,4.5384617,4.8000002,3.5714285,4.25,7.0,3.66666675,5.0,6.7692308,6.8000002,5.8333335,0.75,5.8333335,8.1428576
35,2024,3506,KrF,3.8,,4,3.5833333,,,5.8461537,5.3076925,5.0,5.0,4.0,6.75,5.92857145,9.0,3.7692308,5.5,3.6666667,3.75,5.1428571,6.4285712
35,2024,3507,V,4.6,,3,6.6923075,,,5.7692308,6.2307692,5.5999999,7.1428571,5.3333335,1.5,1.2142857,2.75,2.6153846,2.9000001,1.4,4.3333335,2.7142856,1.4285715
35,2024,3508,MDG,3.9,,7,5.3846154,,,3.7692308,4.3846154,3.25,4.0,3.0999999,1.75,0.83333337,2.75,3.0,2.625,0.5,4.0,2.75,1.7142857
35,2024,3509,R,4.7,,6,1.1538461,,,0.61538464,0.46153846,1.0,0.5714286,0.41666666,2.0,0.8214286,1.0,2.0,2.0999999,3.0,3.6666667,2.6666667,3.0
36,2024,3601,SVP/UDC,27.93,,1,1.0666667,,,9.0,8.333333,8.6000004,6.5999999,8.2666664,9.125,8.5714288,5.8333335,9.6000004,9.0666666,8.25,2.25,8.75,9.2857141
36,2024,3602,SP/PS,18.27,,5,5.5999999,,,1.6666666,1.6,0.69999999,2.0,0.80000001,2.25,0.464285715,1.5714285,2.0666666,1.9333333,1.0,6.375,0.75,1.4285715
36,2024,3603,FDP/PLR,14.25,,3,4.1333332,,,7.6666665,8.1333332,8.6000004,8.8000002,8.333333,6.75,5.08333325,2.8333333,7.7333331,6.9333334,5.875,4.125,6.0,5.7142859
36,2024,3604,DM/LC/AdC,14.06,,4,4.0666666,,,5.4666667,5.1999998,5.1999998,6.0,5.1333332,6.125,5.29761885,7.0,6.1999998,6.4666667,4.2857141,3.375,5.0,5.7142859
36,2024,3605,GPS/PES,9.78,,7,4.8666668,,,1.3333334,1.2666667,1.1,1.8,1.0666667,2.25,0.226190485,1.1428572,1.1333333,1.4666667,0.25,6.125,0.5,1.0
36,2024,3606,GPL/PVL,7.55,,7,6.0,,,4.5999999,6.2666669,5.3000002,5.1999998,5.4666667,3.0,1.416666655,2.2,3.5999999,3.8571429,1.25,6.0,2.75,1.1428572
36,2024,3607,EVP/PEV,1.95,,10,3.9000001,,,5.6363635,5.090909,3.6666667,,4.1111112,4.4000001,7.5666666,8.2857141,4.75,7.375,3.8,4.0,6.0,6.5999999
36,2024,3608,EDU/UDF,1.23,,10,1.8333334,,,8.75,7.2222223,7.25,,7.0,8.0,9.125,8.7142859,8.636364,8.727273,7.6666665,3.6666667,8.75,9.0
36,2024,3610,Lega,0.55,,8,1.2307693,,,8.727273,6.818182,7.0,,5.3333335,7.4000001,8.8333335,5.6666665,9.3846149,8.636364,8.333333,1.5,8.75,9.0
36,2024,3615,MCG,0.51,,1,1.2727273,,,8.083333,6.0,7.0,,5.2222223,7.5999999,8.8333335,5.6666665,9.454545,8.3999996,8.0,1.25,8.5,8.5
37,2024,3701,PL,55.11,45.259998,5,5.6666665,5.0,4.0,6.3333335,5.6666665,7.0,6.0,3.0,,2.5,,7.3333335,6.6666665,4.0,6.6666665,6.5,7.0
37,2024,3702,PN,41.74,42.02,2,6.0,5.0,7.0,6.6666665,4.0,3.0,6.0,3.5,,4.75,,8.333333,7.6666665,4.0,5.6666665,6.0,7.0
40,2024,4001,DISY,27.77,24.780001,2,7.0,6.5,6.0,7.1999998,8.0,7.0,8.0,7.1999998,6.5,4.5,5.0,7.4000001,6.4000001,8.0,4.5,8.0,7.0
40,2024,4003,AKEL,22.34,21.49,6,5.0,4.0,3.0,2.0,2.2,4.5,1.6666666,2.4000001,3.5,1.75,1.3333334,3.0,1.8,3.0,3.0,4.0,3.0
40,2024,4004,DIKO,11.29,9.7200003,2,6.5999999,6.0,5.0,5.8000002,5.1999998,4.5,5.0,4.5999999,7.0,4.75,5.0,7.0,7.0,7.0,4.5,7.0,6.5
40,2024,4005,EDEK,6.72,5.0700002,5,6.1999998,6.0,,5.1999998,4.5999999,5.5,4.3333335,3.4000001,7.0,4.58333335,4.3333335,8.0,7.1999998,7.0,4.0,8.0,7.5
40,2024,4006,KOSP,4.41,1.29,7,6.1999998,5.0,5.0,4.4000001,4.0,4.0,3.3333333,3.2,4.0,2.5833333,2.3333333,5.0,4.25,1.0,4.5,5.0,5.0
40,2024,4009,ELAM,6.78,11.19,1,4.0,2.5,,9.3999996,4.5999999,6.0,4.3333335,3.2,9.5,7.25,8.666667,9.8000002,9.6000004,8.0,6.5,10.0,9.5
40,2024,4015,DIPA,6.1,2.1700001,3,6.5999999,6.0,5.0,5.4000001,4.8000002,4.5,4.6666665,4.4000001,6.5,4.79166665,4.6666665,7.0,6.1999998,7.0,4.5,7.0,6.5
45,2024,4501,Sj,19.4,,2,1.8333334,,,7.3333335,7.5,8.0,8.8000002,6.6666665,7.0,2.33333335,0.0,7.0,7.1666665,6.6666665,4.0,4.6666665,7.5
45,2024,4502,Graen,2.34,,7,2.6666667,,,2.5,2.3333333,2.0,1.6,1.3333334,2.6666667,0.41666667,0.0,1.8333334,3.5,1.0,4.0,2.4000001,3.5
45,2024,4503,F,7.8,,11,2.0,,,5.5,5.1666665,4.0,4.4000001,4.8333335,5.3333335,2.0,0.0,5.3333335,6.6666665,6.3333335,3.0,4.0,8.0
45,2024,4504,M,12.1,,11,1.1666666,,,8.5,8.333333,9.0,7.1999998,7.1999998,8.333333,4.41666665,0.0,9.0,9.5,6.3333335,3.5,8.0,9.5
45,2024,4505,Sam,20.8,,5,6.0,,,3.8333333,3.6666667,3.0,3.2,1.6666666,3.3333333,0.833333345,0.0,3.1666667,4.1666665,3.0,4.5,2.8,3.0
45,2024,4506,Pi,3.02,,9,5.3333335,,,3.5,3.5,2.0,3.0,2.1666667,0.0,0.75,0.0,1.0,1.8333334,1.6666666,6.0,1.25,2.5
45,2024,4507,V,15.8,,3,6.6666665,,,6.1666665,6.0,4.0,6.4000001,4.3333335,2.0,0.833333345,0.0,2.3333333,3.6666667,4.5,6.5,1.6666666,1.5
45,2024,4508,FlF,13.8,,9,2.8,,,3.6666667,2.8333333,3.0,1.5,1.0,7.3333335,3.25,0.0,7.0,7.8000002,5.0,5.0,5.6666665,8.0
