country,party_id,party,family,electionyear,vote,seat,epvote,eu_position,eu_salience,eu_dissent,eu_blur,lrecon,lrecon_blur,lrecon_dissent,lrecon_salience,galtan,galtan_blur,galtan_dissent,galtan_salience,lrgen,immigrate_policy,immigrate_salience,immigrate_dissent,multiculturalism,multicult_salience,redistribution,redist_salience,climate_change,climate_change_salience,environment,environment_salience,spendvtax,deregulation,civlib_laworder,womens_rights,lgbtq_rights,samesex_marriage,religious_principles,ethnic_minorities,nationalism,urban_rural,protectionism,regions,executive_power,judicial_independence,corrupt_salience,anti_islam,people_v_elite,anti_elite_salience,eu_foreign,eu_intmark,eu_russia
1,102,PS,5,2024,8.039999999999999,16,7.4299998,5.7777777,3.2222223,1.5,3.3333333,2.4444444,2.1666667,.5,7.4444447,2.7777777,2.5999999,3.6666667,4.75,2.5555556,3.2222223,3.2222223,4.3333335,3.1111112,4,2.4285715,8.4285717,4,3.6666667,3,4.1999998,2.2,3.3333333,2.6666667,3,1,2.1428571,4.25,2.3333333,3.75,4,5.75,5.5,4.5,1.75,.5,0,4,4.4000001,5,3.5,4.5
1,103,Vooruit,5,2024,8.109999999999999,13,7.9899998,6.0999999,3,1.3333334,3,4.0999999,3,1.5,7,3.0999999,2.8333333,4.75,5.0999999,4.3000002,5,4.4000001,5.3333335,5.1111112,4.8888888,3.5,7.625,3.4000001,5.1999998,3.2,4,3.1666667,4,3.3333333,2.4285715,.5,1.5714285,4.4000001,5,3.75,4,5.25,5.5,4,2,.5,1.5,4,3.6666667,5,4.5,3.3333333
1,104,Ecolo,7,2024,2.93,3,3.6400001,5.8888888,3.875,1.5,3,2.4444444,3,1.5,5.5,1.5555556,2.5999999,2,7.25,2.4444444,2.4444444,5.75,2.1666667,2.4285715,5.1428571,2.7142856,6.5714288,0,9.75,1,7.1999998,2.2,3.6666667,1.3333334,2.3333333,0,.83333331,5.75,1.75,1.75,3,5.75,6.75,2.5,1.5,.5,0,6,3.2,5.5,5,6
1,105,Groen,7,2024,4.65,6,6.3200002,5.9000001,3.5999999,1.1666666,3,2.7,3,2,5.5999999,1.6,2.6666667,1.75,6.8000002,2.5,2.5999999,5.0999999,2.2222223,2.5555556,4.4444447,2.5,6.75,0,9.8000002,1,7.1999998,2.3333333,3.6666667,1.6666666,2,0,.85714287,5.4000001,2.25,1.75,3,5.5,6.25,2.5,1.4,.5,.5,6,2.8333333,5.5,5,4.6666665
1,106,MR,3,2024,10.26,20,12.62,6.4444447,3.375,1.25,2.3333333,8,1.5,.5,8.1111107,5.2222223,3,3,5.25,7.4444447,6.5,5.7777777,3.5714285,7.25,5.75,7.8571429,6.5714288,5.5,3,7.4000001,5.4000001,8.3999996,8,6,4.8000002,1,2.5714285,1.5,6.75,4,6,1.75,6.25,6.5,4.25,.5,5,2.6666667,4.1999998,5,7,2.3333333
1,107,Open Vld,3,2024,5.45,7,5.7600002,6.6999998,4,1.5,1.6666666,7,3.3333333,1.75,7.5999999,3,3.1666667,2.5,4.9000001,6.3333335,5.5999999,3.3,4.5555553,5.7777777,4,6.625,5.625,4.8000002,3.8,6,4.1999998,7.6666665,7.3333335,4.6666665,2.4285715,.5,1.1428572,1.2,5,2.75,4.5,2,5.25,6,1.4,.5,1.5,4,2.5,5.5,7,2
1,108,LE,4,2024,6.77,14,5.1700001,6.4285712,3.3333333,1.3333334,2.3333333,5.3333335,3.8333333,2.5,6,5.75,4.1999998,2.6666667,4.625,5.5555553,4.625,3.2857144,4.5,5.5714288,4.2857141,4.8571429,5.6666665,3.6666667,4,5.8000002,4.1999998,4.5999999,4.3333335,5,4,2,5.1666665,5.75,5.6666665,4.6666665,7,5.25,5.3333335,3.5,1.75,.5,,4,2.25,5.5,6,3.5
1,109,CD&V,4,2024,7.98,11,8.3400002,6.6999998,3.4000001,1.5,2.3333333,5.5999999,3.8333333,3.25,6,6.8000002,4,2,5.3000002,5.6999998,5.5,3.8,4.2222223,5.6666665,5,5,6,5.1999998,3.4000001,6.4000001,3.5999999,5,4.6666665,5,4,3,5.125,6.5999999,5.75,5.25,7.6666665,5.25,4,4,1.6,.5,1.5,3.3333333,2,5.5,6,3.6666667
1,110,N-VA,8,2024,16.71,24,13.97,4.5,3,1.5,3,7.5,1.6666666,2.75,7.8000002,7.0999999,2.6666667,2,5.8000002,7.5,8.1999998,7,2.6666667,7.7777777,7,6.875,5.5,5.5999999,3.2,6.8000002,5.8000002,8.5,6.3333335,8,4.1428571,3,3.1428571,3,8,7.5,5.6666665,2.75,.5,5.5,5.4000001,.5,5.6666665,2.6666667,4.5,4,6,1
1,111,DeFl,8,2024,1.2,1,1.05,6,2.6666667,1,1,5.5,3.3333333,0,4.1999998,3.75,4.5,4.5,6.25,6,4.5,6.25,3.6666667,5.3333335,5.6666665,4.5,6,3,3,5,5,5.5,5,2,2,1,.66666669,6,5,3,2.5,6,3.5,4,1,0,2,5,2.5,5.5,,2
1,112,VB,1,2024,13.77,20,14.5,2,4.1999998,1.4,1.3333334,7,5.3333335,3,3.4000001,8.8999996,3.3333333,1.5,6.0999999,9.1999998,9.8999996,9.8000002,.55555558,9.8888893,9.7777777,5.25,3.75,7,1,8,3.4000001,6,5.5,9.333333,5.5714288,7.5,6.8571429,3.4000001,9.75,9.25,5,7,1.25,6,6,.5,9,7.6666665,8.7142859,2,2.5,5.6666665
1,119,PVDA-PTB,6,2024,9.859999999999999,15,5.1300001,2.4444444,4.3333335,1.75,2,.80000001,1.3333334,.5,8.3999996,3.2,4.1666665,2.6666667,3.2,.80000001,2.7777777,3.0999999,3.75,2.5,3.75,.625,9.625,4.75,3.5999999,5,3.5999999,1,1.6666666,2,2.5714285,2.5,2.5714285,5.75,2,4.75,2.5,7.25,8,8,2.5,.5,.5,8,8.7142859,1.5,2,7
2,201,S,5,2022,27.54,50,15.57,5.818182,5.2727275,1.25,5.1999998,4.090909,5.3333335,3.75,7.7272725,4,5.3333335,4,4.2727275,4,7.2727275,6.6363635,4.2222223,7.7777777,6.3333335,3.5999999,6.6666665,4,4.1666665,3.5999999,5.4000001,3.5,3.75,7,3.5,3.5999999,1.6,1.3333334,6,7,4.75,4.6666665,5,6,1.6666666,2.5999999,6,2.5,4.8333335,4.3333335,5,1.5
2,202,RV,3,2022,3.79,7,7.0799999,7,7.090909,1,1.3333334,5.5454545,2.6666667,4,6.2727275,1.7272727,1.6666666,.66666669,6.3636365,4.909091,3,6.2727275,2.2222223,3.2222223,6.2222223,5.5,5.1111112,2.8333333,7.8333335,1.8,7.4000001,5.6666665,5.25,4.5,2.3333333,1.4,1.4,1,3,2,4.25,2.8333333,5.75,4.8333335,1,2.5999999,1,3,1.6666666,6,6.25,3
2,203,DKF,2,2022,5.51,10,8.8400002,5.5454545,4.7272725,1.25,3.5999999,7,2.6666667,2.625,7.3636365,5.909091,3.1666667,1.3333334,4.7272725,7,7.181818,5.6363635,2.7777777,7.3333335,5.7777777,7,5.1111112,4.6666665,5.5,5.1999998,5.4000001,7,5.75,7.25,5.1666665,5.5999999,2.25,2,6,7.3333335,4.75,2.8333333,5.75,5.3333335,1.3333334,2.5999999,4,3.25,2.5,4.3333335,6.25,.75
2,206,SF,7,2022,8.289999999999999,15,17.42,5.5454545,4.7272725,1.25,4.5,2.7272727,2.3333333,2.5,6.909091,3,3.3333333,1.3333334,4.4545455,2.7272727,4.6363635,4.818182,2.5555556,4.7777777,5.3333335,2.5,7.2222223,3.3333333,7.5,2.2,7.1999998,2.1666667,2.5,5.25,2,2,1.6,1,3.5,5.5,4.5,5.5,5.5,4,1,2.5999999,3,3.25,3.5,4.6666665,4.25,2.75
2,211,V,3,2022,13.31,23,14.72,6,5.2727275,1.75,4,6.5454545,4,3.75,7.6363635,4.6363635,4.5,3,3.909091,6.6363635,7.090909,6.181818,3.7777777,7.4444447,5.7777777,6.1999998,4.8888888,5.1666665,4.3333335,5.8000002,5,6.6666665,4.75,6.75,4.5,4,1.6,1.3333334,6.5,6.6666665,5.75,3.5,4.25,5.8333335,1.6666666,2.5999999,5,2.5,4,5,6,1.75
2,213,EL,6,2022,5.16,9,7.04,3.090909,4.4545455,4.5,3.4000001,1.3636364,1.3333334,2.5,6.909091,1.9090909,1.5,.66666669,5.6363635,1.2727273,3,5.4545455,2,2.8888888,5.7777777,1.1,8.1111107,2.1666667,8.333333,1.4,7.8000002,1.1666666,2.5,3.25,1.3333334,.80000001,1.4,.66666669,2.3333333,3.5,4.25,6.1666665,5.5,3.3333333,1,2.8,1,4.75,5,1.3333334,3,6
2,215,DPP,1,2022,2.63,5,6.3699999,1.9090909,6.909091,1.25,.83333331,5.5454545,3,3.25,4.909091,7.6363635,1.4285715,1,7.2727275,8,9,8.909091,1,9.333333,8.7777777,5.5999999,4.8888888,7.1666665,4,7,3.4000001,5.1666665,6,8.25,6.1666665,7,3,2,9,8.833333,6.25,5,4.25,5,2.6666667,2.5999999,10,5,7,1.3333334,3,4.5
2,218,LA,3,2022,7.87,14,6.9499998,4.6363635,4,2.5,4.4000001,8.363636,2,2,7.818182,4.5454545,2.6666667,1.6666666,5,7.818182,6.5454545,5,2.6666667,5.6666665,4.8888888,8.5,6.2222223,6.6666665,3.5,6.1999998,3.2,9,7.25,4.5,5.1666665,3.5999999,1.6,1.3333334,6.3333335,5.1666665,5,1.5,5.25,4.1999998,1.3333334,2.5999999,4,4,5.1666665,3.3333333,6.25,2.25
2,219,ALT,7,2022,3.33,6,2.6600001,5.181818,4.2727275,2.5,4,2.3636363,2,4.6666665,3.6363637,1.7272727,1.6666666,.33333334,6.6363635,2,3.2727273,5.2727275,2.1111112,2.5555556,5.6666665,2.3,6.1111112,2.1666667,8.666667,.80000001,8.8000002,2.1666667,3.25,2.75,2,.40000001,1.4,1,1.6666666,2,5,5.1999998,2.5,2.5,1,2.5999999,1,5.5,4.6666665,3.5,4.25,4.5
2,220,NB,1,2022,3.66,6,,2.5454545,4.909091,3.75,2.2,7.909091,1.6666666,5,4.818182,7.181818,2.1666667,1.6666666,5.909091,8.818182,9.090909,8.363636,1.4444444,9.1111107,8.5555553,8,5.5555553,7.6666665,3.1666667,6.5999999,3.8,8,6.75,8.333333,7.1999998,6.8000002,3.25,1,9,8.833333,5.6666665,3.75,5.3333335,5.5,2,2.5999999,10,4.75,8.6000004,1.6666666,4,3.75
2,221,M,3,2022,9.27,16,5.9499998,6.3636365,5.6363635,1.25,3,5.6363635,4,3.625,6.909091,3.8181818,3.5,1.3333334,3.909091,5.5454545,5.818182,5.5454545,3.3333333,6.5555553,4.8888888,5.8000002,4.375,4.6666665,4.6666665,4.75,5,5.5,4.75,6.5,4.3333335,4,1.6,1.3333334,5.5,4.6666665,4.5,3.5,6.25,6,1.3333334,2.5999999,4,2.25,2,5.3333335,6,1.75
2,222,DD,1,2022,8.08,14,7.3899999,3.1818182,5.2727275,2,3.2,6.7272725,4.6666665,3,4.6363635,6.5454545,1.8333334,1.3333334,6.090909,7.5454545,8.727273,8.181818,1.5555556,9,8.1111107,5.5999999,4.6666665,7.3333335,4,7.8000002,6.8000002,5.6666665,5.75,8,5.3333335,6.8000002,2.4000001,1.3333334,8.666667,8.833333,7,5.1666665,2.75,4.8333335,2.3333333,2.5999999,8,5.25,9,2,3.75,3.6666667
3,301,CDU,4,2021,18.9,152,23.700001,6.4210525,6.5263157,3.2,4.75,6.5789475,3.4545455,3.8571429,7.6842103,6.5555553,3.875,4.6666665,5.7222223,6.5789475,7.2105265,7.1578946,3.5263157,7.3888888,7,6.3888888,6,5.4444447,5.1111112,5.8000002,5.3000002,6.25,6.1666665,7.1111112,5.3333335,5.4000001,4.375,6.375,5.875,5.8571429,6.181818,3.5714285,3.6666667,4,1,4,4.75,2.6363637,2.75,4.3333335,6,1.8
3,302,SPD,5,2021,25.7,206,13.94,6.3684211,6.0526314,2.7333333,4.75,3.4736843,4.181818,4.8571429,7.2631578,3.6111112,4.25,4.3333335,4.5,3.4736843,5,5.2105265,5.3684211,4.1666665,5.4210525,2.8888888,7.5,3.3333333,5,3.4000001,6,2.3333333,3.3333333,4.2222223,3.6666667,3,2.375,2.875,2.875,3.2857144,3.6363637,5.2857141,6.3333335,3.3333333,1,4,1.25,3.090909,2.375,4.6666665,5.5714288,4.1999998
3,303,FDP,3,2021,11.5,92,5.1799998,5.8421054,6,3.7333333,4.25,7.5789475,2.1818182,1.8571428,8.8947372,3.2222223,2.875,3.2222223,5.3888888,6.0555553,6.0555553,6.1578946,3.3529413,5.1176472,6.1111112,8.1111107,7.1666665,6.3333335,6,6.6999998,5,8.833333,8,2.6666667,4,3,1.75,2,3.4285715,2.7142856,3.090909,1.8571428,4.3333335,2.6666667,.66666669,4.1428571,3.5,3.9000001,2.375,4,6.8333335,2.2
3,304,Grunen,7,2021,14.8,118,12,6.7894735,7.1052632,2.5333333,4.25,3.3684211,4,4.5714288,5.9473686,1.6111112,1.625,2.1111112,7.3333335,3.0555556,2.4736843,6,4,1.3888888,6.4736843,3.0555556,5.9444447,.55555558,9.1111107,.89999998,8.5,2.1666667,3.5,1.8888888,2.1111112,1.8,1.875,2.75,.75,1.2857143,2.909091,4.7142859,5.6666665,2.5833333,1,4.5714288,2,4.818182,2.5,5.8333335,5.5714288,2.4000001
3,306,DL,6,2021,4.9,39,2.74,3.7222223,5.3333335,3.3571429,4,1.3684211,1.7272727,1.7142857,7.6111112,2.2941177,2.75,2.8888888,6.1333332,1.4210526,2.5625,5.4705882,3.4375,2,5.25,.94444442,9.2352943,4.2222223,5.5,2.1111112,5.125,1.1666666,1.5,3,2.3333333,1.1111112,2.375,1.5714285,1.25,1.7142857,2.5555556,8,7,3.5999999,1.6666666,5.2857141,3,4.3333335,6.875,2.5,2.7142856,8
3,308,CSU,4,2021,6.2,45,6.3200002,5.5,5.75,3.6666667,6.6666665,6.7692308,3.5,3.3333333,7.5833335,7.5384617,3.1666667,2,6.5454545,7.5714288,7.5384617,7.5384617,2.2307692,7.6666665,7.3076925,6.9285712,5.6153846,6.6666665,4.3333335,6.4285712,4.5,5.875,6.6666665,7.5714288,5.5,6.75,4.75,7.4000001,6.8333335,6.5,8.7142859,5,2.8333333,4.375,1.3333334,3.75,6.5,3.875,3.25,2.75,5.4000001,2
3,310,AfD,1,2021,10.3,83,15.89,1.8947369,7.2222223,3.6666667,2.6666667,7.6315789,6.1999998,4.8571429,4,9.3888893,.75,2.4444444,8.666667,9.2631578,9.9473686,9.9473686,1.0526316,9.8888893,9.3157892,7.0588236,3.9411764,9.4444447,5.8888888,9,4.4444447,7.0999999,6.5999999,9.1111107,7.3333335,8.2222223,6.75,4.8571429,10,9.5714283,6.6999998,7,4.25,7.2727275,9.5,4.5714288,9.75,8,9,1.1666666,2.4285715,8.3999996
3,313,BSW,6,2021,0,0,6.1700001,2.4210527,6.1176472,2.25,2.3333333,2.7777777,3.4545455,3.2857144,5.6666665,7.0625,3.5,3.2857144,7.1875,3.625,8.6315794,8.3529415,1.6666666,8.2142859,8.4117651,2,7.7222223,7.625,5.125,7.2222223,4.5555553,2.2,2.1666667,6.25,4.2857141,5.1999998,4.6666665,1.4,7.1428571,6.8571429,5,8.166667,5.6666665,5.5555553,9,4.8333335,7.5,7,8.8571424,1.8333334,2.1428571,9.1999998
3,314,FW,9,2021,0,0,2.6700001,4,5.3636365,3.1666667,4.5,6.4545455,3.75,2.75,6.6666665,6.6999998,2.5,3,5.4444447,6.75,7.4000001,5.8888888,2.1111112,7.5,5.75,6.6363635,5.75,7.4000001,4.8000002,7.5,5.6666665,6,7,7,6.25,6.3333335,5.3333335,7.3333335,7,6.6666665,8.3999996,5.5,1.75,4.4000001,,3.5,6.5,5.4000001,7.3333335,3,4.75,4
4,401,PASOK,5,2023,11.46,41,12.79,6.8000002,6.3000002,1.6666666,1.5714285,4.3000002,2.5999999,3.8,7.0999999,3.8,5.25,4.8333335,5.5999999,4.1999998,4.5555553,4.5,3.2222223,4.5555553,4.5,3.4000001,7.1999998,2.75,5,3.1666667,5,3.25,4.5,5.5,2.25,3.75,3.3333333,4.5999999,4,3.4285715,,5.5,3.8,3.75,2,6.25,1.6666666,2.3333333,4,6,5.5,3.4000001
4,402,ND,2,2023,40.79,146,28.309999,7,6.5,2.6666667,1.2857143,7.4000001,1.8,4.5999999,8,5.4000001,4.5,8,5.9000001,6.9000001,7.8000002,7,3.8,6.5555553,6.125,6.9000001,4.3000002,3.75,5.25,5.5,3.1666667,6.75,7.5,7.5,4,5.5,3.6666667,6.5999999,6.5999999,5.8571429,,3.6666667,6.8000002,5.5,4,4,2,1.5,.75,5,6.5,2
4,403,SYRIZA,6,2023,20.07,71,14.92,5.6999998,5,4.6666665,2.5714285,3.2,2.4000001,6.4000001,7.5,1.5,1.75,4.1666665,7.0999999,3,3.0999999,5.4000001,2.4000001,2.5555556,5.5714288,2.7,8.1999998,2,3.75,2,5.8333335,2,3,3.5,1.25,1.25,.5,2.5999999,1.8,3.1428571,,5.5,3.4000001,4,3.75,7.75,.66666669,6.8333335,8,4.5,4,4.5999999
4,404,KKE,6,2023,7.23,26,9.25,1.2,5.8000002,.66666669,1,.40000001,.60000002,.2,8.6999998,7.2222223,4,.83333331,2.6666667,.5,4,3.7777777,.625,5.4000001,3.3333333,1.2,9.6999998,5.3333335,3.3333333,5.3333335,2,1.25,.33333334,2,3,6.3333335,8.166667,1,2.75,6.5714288,,10,5.25,6,5,6,.33333334,8.166667,7.25,1.5,1.5,10
4,416,EL,1,2023,4.45,16,9.3000002,2.5555556,4.3333335,1,6,6.5,5.5,1.3333334,5.125,9.1999998,.25,1.3333334,9.3000002,8.8999996,9.8000002,9.5,.2,9.625,8.125,5.8333335,4,8.333333,1.3333334,6.6666665,1.5,5.6666665,6.3333335,9,8.3999996,9,9.833333,9,9.8000002,9.5714283,,10,7.5,9,,6.6666665,8,7.6666665,10,2.5,2,9.5
4,419,Niki,10,2023,0,0,4.3699999,2.7777777,3.5555556,1,6.4000001,5.6666665,6.25,1.5,2.8333333,9.5,.25,1.1666666,9.3000002,9.1999998,9.5,8.8888893,.33333334,9.625,7.375,5.75,2.5999999,8,1.3333334,5,1,6,4.3333335,9,9.1999998,9.5,10,9.6000004,9.8000002,9.7142859,,10,7.5,8,,3.5,6.6666665,6,8.5,2.5,2,9.5
4,420,PE,6,2023,0,0,3.4000001,3.9000001,4.625,1,4.4000001,2.5555556,3.5,1.3333334,5.2222223,3.4444444,2,1.8,5.625,3,2.7142856,4.1666665,1,3.4000001,5.1666665,1.75,6.375,2.5,5.6666665,3,4.5,1.6666666,2.25,3,1,2,1,3.3333333,2.75,5,,,3,3,1.3333334,7.75,2.5,8.833333,9,2,,6.3333335
4,421,FL,1,2023,0,0,3.04,3.3333333,4.2222223,.66666669,4.8000002,8,6,1.3333334,2.5,9.3999996,.25,1.2,9.1111107,9.4444447,9.666667,9.7777777,.33333334,9.875,8.25,8.5,2.25,9,3.5,5.6666665,1.75,7.6666665,7.6666665,9.5,9,9.333333,10,9,9.8000002,9.833333,,,8.5,9,,3.6666667,8.5,4.5,7.6666665,3.5,2,2.5
4,422,Spartans,1,2023,0,0,,3,3,2.5,6.1999998,5.1666665,4.5,2,3.1428571,9.8000002,.25,1,9.1000004,10,10,9.6999998,.40000001,9.875,8.125,4.5,3,8,.66666669,7,.33333334,7,3.6666667,9.5,8,9.5,10,7.8000002,9.8000002,9.7142859,,10,7.5,10,,4.5,9,8.25,10,1,2,9
5,501,PSOE,5,2023,31.68,121,30.200001,6.9375,6.5625,.875,1.5,3.9375,3,2.5,7.625,2.9375,4.3333335,2.8,6.9375,3.8125,4.1875,5.5,2.8666666,4.1999998,5,3.1875,6.9333334,3.125,6.1428571,2.5714285,5.1428571,2.375,4.1428571,3.2857144,2.375,1.25,.27272728,2.4285715,3,4.125,4.2857141,4.625,3.5999999,4.5,5.125,6.5,1,3.4000001,1.25,6.1999998,5,4.4000001
5,502,PP,2,2023,33.06,137,34.200001,6.4375,5.8125,1.125,1.75,7.25,4.4000001,2.2,7.3125,7,4.3333335,4.4000001,6.7333331,7.1875,7,7.1428571,2.8,7.4666667,6.0666666,6.625,5.8666668,6.375,4.1428571,5.7142859,3.1428571,7.75,7.2857141,7.1428571,5.5,5.5,3.909091,6,6.5,6.375,5,3.5,7,4.1999998,4.5,7.5,3.5,2.5999999,1,6,3,3.2
5,504,IU,6,2023,1.98,5,,4.5999999,4.7333331,2.125,3,1.6,1.8,1.8,7.5999999,2.2666667,3.2,2.2222223,6.0714288,1.7333333,2.2666667,5.0714288,2.3846154,2.75,4.7692308,1.6,8.8571424,2.8571429,6,2.2857144,5.4285712,1,1.5714285,1.8333334,2.75,2,.090909094,.5714286,2.4285715,2.25,3.6666667,6.2857141,3.8,4.5999999,4.5,5,.33333334,6.5,4.75,3.2,3,6.75
5,506,EAJ/PNV,8,2023,1.12,5,.54000002,6.0666666,5.2142859,.83333331,3.75,6.1999998,2.75,2.3333333,6.3571429,6.1999998,4.1999998,2,4.6923075,6.125,5.5384617,4.6923075,2.3636363,6.5,5.9166665,5.5,5.6428571,5.5,4.1666665,4.4285712,5,6,5.6666665,4.8571429,4,4,2.2,6.5,3.1428571,5.7142859,5,5,0,3.8,3.8333333,5.5,2.5999999,4.3333335,1.5714285,5.5999999,6,3.75
5,511,ERC,8,2023,1.89,7,1.63,5.7142859,4.8461537,1.5,3,2.8571429,3.3333333,2.4444444,5.5333333,2.5714285,3.5999999,1.4285715,5.2142859,3.4000001,3.2857144,4.3571429,2.9000001,4.6428571,5.0769229,3.3333333,6.4285712,3.4000001,5,2.5714285,5.3333335,2.5714285,3.5,2.6666667,2.5714285,2,.2,1.2857143,2.8571429,5.1428571,4.1666665,5.6666665,0,5,4.5714288,2.5,1.2,6,4.375,4.5999999,6,5.6666665
5,513,BNG,8,2023,.62,1,1.63,5.3333335,4.4285712,1.4,3.25,2.7333333,2,1.5714285,5.6666665,2.5333333,2.75,1.5,4.6363635,2.6875,3,4,2.3636363,3.9000001,5.5454545,2.6875,7,3.2857144,5.1666665,2.8571429,5.3333335,2.125,2.6666667,2.1428571,2.5714285,2.5,.22222222,.66666669,2.5,4.8571429,5,6.4285712,0,3.2,4.1666665,4.5,.40000001,6.75,3.5,4.4000001,4,6.5
5,517,Cca,8,2023,.47,1,.54000002,5.8571429,5.0769229,1.3333334,4.2857141,5.8666668,3.5,1.75,5.0833335,6.1666665,4,2.2857144,4.4000001,6,6.3846154,7.3333335,2.909091,6.1111112,6.5454545,5.2857141,5.6666665,4.8000002,3.8,4.25,4.8000002,6,5.4000001,3.5,5,4.3333335,2,4.5999999,3.8571429,5.4000001,4.4000001,5,.75,4.4000001,4.6666665,2,4.25,5,1.6,5.5999999,,4.5
5,524,EH Bildu,8,2023,1.36,6,1.63,5.0666666,4.8571429,1.8333334,2.5714285,2.5,1.4,2.1111112,5.75,2.2,2.8,1.5,5.4666667,2.375,3,4.2857141,1.7272727,4,5.3333335,2.4375,6.9333334,2.5714285,5,2.5714285,6,1.75,2.6666667,2.4285715,2.4285715,2.25,.2,.66666669,2.625,5,4.8571429,6.6666665,0,4,4.5,4.5,.2,6.75,4,4.1999998,5,7
5,525,Podemos,6,2023,1.59,4,3.3,4.6875,4.8125,2,3.25,1.625,1.3333334,1.8,7.5625,1.4375,2.1666667,1.3,7.9375,1.5625,1.5625,5.8000002,2,2.3333333,5.7142859,1.6875,8.8666668,2.375,7,2,5.7142859,1.125,1.7142857,1.5714285,2,.25,0,.5714286,2.125,2.375,3.1428571,6.75,3,4.3333335,5.125,4.5,.16666667,8.1999998,7.375,3.2,3,8
5,527,Vox,1,2023,12.38,33,9.6000004,3.0625,5.6875,2,4.875,9,4.1666665,2.8,5.5625,9.5,1.8333334,1.4,8.5625,9.375,9.6875,9.5333338,.80000001,9.9333334,8.8000002,8.5625,6.0666666,9,4.4285712,9.2857141,6.8571429,9.625,8.7142859,9.8571424,8.625,7.5,8,8.2857141,9.375,9.625,7.5714288,6.875,10,6,5.5,6.5,8.833333,4.8000002,7.75,4.1999998,1,2.4000001
5,550,Junts,8,2023,1.6,7,2.52,5.6428571,5.1538463,1.1666666,3.2857144,6.3333335,4.6666665,3.4444444,4.4285712,5.9285712,3.5999999,2.1428571,3.8461537,6.5999999,6.8571429,6.1538463,3.090909,7.6153846,6.1666665,6.2666669,5,5.8000002,3.5999999,4.2857141,4.8333335,7,6.1666665,5.8333335,4.1428571,4.6666665,2.0999999,4.6666665,4.2857141,6.5714288,5.5,5.6666665,0,6.1999998,4.7142859,4.5,4.1999998,6,4.875,4.8000002,6,4.6666665
5,551,Sumar,6,2023,8.76,22,4.6999998,5.375,4.8125,2.25,3.125,2.2666667,2,2.9000001,7.5,1.2,3.1666667,1.8,7.875,2.3125,2.3125,5.6666665,1.8571428,2.5999999,5.4285712,2.0625,8.6000004,1.5,7.4285712,1.7142857,6.5714288,1.375,2.2857144,2,2.125,.25,0,.71428573,2.25,2.125,3.5714285,6.375,3.5999999,4.1666665,4.625,5.5,.16666667,7.5999999,5.5,4.1999998,4,6.5999999
5,552,Salf,1,2023,0,0,4.5799999,2.8,5.2666669,.60000002,4.5714288,8.4285717,4.8000002,1.125,3.5333333,8.4285717,1.4,.85714287,7,8.9333334,9.3846149,8.6428576,.9285714,9.6153851,9.0769234,8.3076925,6.6153846,8.5,4,9,6.8333335,9,9,8.6000004,7.8333335,6.6666665,6.5,9.333333,8.8571424,9,4.5,7,8,6,6.3333335,5,7.6666665,9,8.875,3,1,3
5,553,UPN,8,2023,.21,1,.54000002,5.9166665,4.4615383,1.2,3.8333333,7.0714288,3.25,2,5.6923075,7.2307692,3.2,1.5714285,5.1666665,7.625,6.7692308,5.5833335,2.3333333,7.3636365,6,6.5999999,5,5.4000001,4.1666665,6,4.4000001,7.5714288,6.1999998,7.5999999,6.1428571,5,4.375,7.8333335,4.4285712,7.1428571,5.5,4.5714288,3.25,3,4,2,5.5999999,2,1.3333334,5.5999999,,4.25
6,601,PCF,6,2024,1.22,9,2.3599999,3.1111112,3.5999999,3.25,3.4000001,1.2727273,3.5,1.8,7.5555553,3.5454545,2.4000001,5.75,5.3333335,1.7272727,3.090909,3.4000001,3.125,4.4444447,3.875,1,9,4,5.5,4.3333335,4.8000002,1,1.2857143,2.8333333,2,2.5999999,2.4000001,.42857143,2.3333333,3.25,4.3333335,7.8000002,4.6666665,2.2,3.25,3,2,6.1666665,6,3,2.5,5.5
6,602,PS,5,2024,9.9,70,13.83,6.2727275,6.5,3.75,2.2,3.3636363,3.5,5,6.9000001,2.7272727,2.5,3.4000001,6,3.4545455,3.1818182,4.3000002,4.3333335,3.3636363,4,2.2,7.5555553,3.25,6.5,3.3333333,7,1.6666666,3.4285715,2.8333333,1.75,2,2,1.7142857,2.3333333,2.75,3.1428571,5.4000001,4.5,2.8,3,4,1.5,4,4.25,4.5,5.5,2.3333333
6,605,LE/EELV,7,2024,4.8,34,5.5,6.1999998,7,2.75,1.6,2.3,3,4.3333335,6.1111112,1.7,.60000002,2.5999999,8,2.3,1.6,4.7777777,2.2222223,1.7,4.8888888,1.4,8,.75,9.25,2,10,1.3333334,1.2857143,2.1666667,.5,.80000001,.80000001,1.5714285,1.6666666,.66666669,3.5714285,5.75,2.3333333,2,1.25,4,.5,5.3333335,5,4,4.5,3
6,609,LR,2,2024,9.01,66,7.25,5.2727275,5.5,5.5,3.2,7.818182,3.5,3.6666667,7.6999998,7.181818,2.8333333,4.8000002,5.2222223,7.7272725,8.363636,7.6999998,4.5555553,8.181818,7.5999999,7.4000001,4.8888888,6,2.75,7.3333335,3.4000001,7.3333335,7.2857141,7.8333335,5.75,6.4000001,7.4000001,4.2857141,8,8.333333,5.7142859,4.4000001,6.3333335,5.5999999,5.75,1,7.5,3,5,2.5,5.5,3
6,610,RN,1,2024,37.06,142,31.370001,2.1818182,5.3636365,2.8,4.4000001,6,5,3.8,6.1999998,8.363636,3.3333333,2.8,6.5999999,8.818182,9.545455,9.6000004,1.2,9.818182,9.6999998,4.6999998,5.4444447,7.5,5.25,8,3.2,4.3333335,4,8.833333,6.5,7.1999998,7,2.8571429,9.333333,10,7.2857141,8.5,5,7.8000002,8.25,2,10,7,8.75,1,2,7.6666665
6,613,MoDem,3,2024,5.096,33,3.3399999,6.818182,6.8000002,1.5,1.8,5.6999998,4,2.5,6.3333335,4.5,2.2,4.5,4.2222223,5.3636365,4.6666665,4.6666665,4.3333335,5.3000002,4.3333335,5.5,4.6666665,4.5,4.75,5.6666665,4.5999999,5.3333335,6.7142859,3.8333333,3,4.1999998,3,3.2857144,5.6666665,3.3333333,5,3.8,4.75,3.5999999,3.25,3,1.5,2.6666667,3,4.5,6.25,3.3333333
6,626,RE,3,2024,15.41,98,9.0200005,6.2727275,6.909091,1.8,1.8,6.181818,4.25,4,7.8000002,4.090909,2.6666667,5,5.6999998,6.2727275,5.7272725,6,5.3333335,5.6363635,5.2222223,6.1999998,5.2222223,4.5,4.75,5.6666665,4.8000002,6.5,7,5.8000002,2.75,2.8,2.75,2.5,5,4,3.4285715,3.8,5,5,4,2,2.5,2.7142856,3.75,4.5,6.5,1.3333334
6,627,FI,6,2024,11.19,79,9.8900003,3,5.3000002,3.75,3,.90909094,1.75,3,7.5,1.8181819,1.2,1.6,7.6666665,.81818181,1.5454545,4.8000002,3.4444444,1.4545455,5.1111112,1,9,2.25,6.75,3.3333333,7.4000001,1,.66666669,2,1.25,1,1.4,2.2857144,1.3333334,3,2.2857144,7.4000001,5,2.5999999,3.5,3,0,6.1666665,8.75,2.5,3.25,5
6,630,REC,1,2024,.75,0,5.4699998,1.6363636,6.9000001,1.3333334,1.8,8.333333,4.6666665,3,4,9.1000004,.5,1.2,8.3999996,9.727273,9.666667,9.6999998,.40000001,9.818182,9.8000002,7.8888888,3.5714285,8.333333,4.6666665,7.8333335,1.2,8.5,5.8000002,9.5,8.75,9.6000004,9.25,5.8571429,9.666667,10,5.5999999,6.8333335,9.5,8.25,8.5,2,10,6.1666665,8.75,1.5,3,5
6,631,Horizons,3,2024,4.018,26,2.1800001,6.4444447,6.3000002,2,2.4000001,6.8000002,3.6666667,2.1666667,7.4444447,5.3000002,2,4.25,4.8888888,6.5999999,6,5.3333335,4.1111112,6.3000002,5,6.4000001,4.8888888,4.5,4.5,6.3333335,4.4000001,7,7.4285712,5.5,4.75,4.1999998,4.1999998,3,6,5,3.8571429,3.5999999,5.5,4.4000001,3.75,2,2.5,2.6666667,3,5,6.75,2.6666667
7,701,FF,2,2024,21.9,48,20.4,6.4615383,6.1538463,2.6666667,3,5.2307692,5.3333335,2.8571429,7.6153846,5.2307692,4.8571429,5.3333335,4.3076925,5.3076925,4.6923075,5.2307692,4.75,5.4545455,4.909091,4.5384617,5,4.4285712,4.7142859,5,3.8,4.4444447,5.3333335,4.8333335,3.8333333,3.75,3.5,4.6666665,4.4285712,5.3333335,6.4285712,3.625,6.5,4.75,1,3.8,1.25,4,1.75,3,6.3333335,4.5
7,702,FG,4,2024,20.8,38,20.799999,6.7692308,6.6153846,1.8333334,2.8333333,6.1538463,4.8333335,3.2857144,7.8461537,3.9230769,3.8571429,4.8333335,5.1538463,6.1538463,4.7692308,5.5384617,4.8333335,5.181818,5,5.6153846,5.0769229,4.1428571,4.8571429,5,4,6.3333335,5.6666665,5.6666665,3.3333333,3,2,4,4.4285712,4.8333335,5.4285712,3,6.5,4.75,1,3.8,.75,3.6666667,1.5,3.75,6.6666665,3.75
7,703,Lab,5,2024,4.7,11,3.4000001,6,5.3076925,2.3333333,3.1666667,3.4615386,3.6666667,2.5714285,6.8461537,2.3846154,2.7142856,2.5,6.5384617,3.4615386,3.3076923,5.2307692,2.6363637,3.2727273,4.8000002,3,6.1538463,2.7142856,5.4285712,3.8,5.8000002,2.8888888,3.3333333,3.1666667,1.6666666,2,1.25,2,4,3.5,3.2857144,5,3.5,4,1,4.5999999,.75,5.3333335,3.125,2.5,5,5.75
7,705,GP,7,2024,3,1,5.4000001,5.9166665,6.1538463,2.8333333,2.5,3.7692308,4.6666665,4,5.5384617,2,2.4285715,2.6666667,6.8461537,3.4615386,3,5.6923075,3.3636363,2.909091,5.3636365,3.3076923,5.4615383,.71428573,9.5714283,2.5999999,9.3999996,3,3.3333333,2.5,2.1666667,1.875,1,2.3333333,3.8571429,2.6666667,3,5,3,3.5,1,4.8333335,.75,7,2.125,2.75,4.6666665,5.75
7,707,SF,8,2024,19,39,11.14,4.0769229,4.7692308,3.8,6.8333335,2.4615386,4.1666665,3.2857144,7.8461537,4.0769229,5.5714288,5.8333335,4.3076925,2.6923077,5.6923075,6.6923075,6.75,5.181818,5.5454545,1.7692307,7,5.4285712,3.5714285,6.4000001,2.5999999,2.1111112,3,4.4000001,2.1666667,3.5,2.5,3.5,4.7142859,6.8333335,4.7142859,5.875,5,5.75,2,5.8000002,1.25,5,7.5,1.5,3,5.75
7,709,S-PBP,6,2024,2.8,3,1.8200001,2.8461537,4.1538463,2.6666667,2.5,.92307693,1.8333334,.71428573,8.4615383,1.7692307,3.5714285,1.1666666,5.8333335,1.0769231,1.8333334,5.4615383,2.090909,1.625,5.5999999,.92307693,8.2307692,4.1666665,4.8571429,4,5.5999999,1.2222222,1.3333334,3.3333333,1.1666666,1.75,.75,1.5,2.8333333,2.5,2.4285715,7.5714288,4.5,3.75,1.4,6,.75,7.6666665,8.5,1.75,2.3333333,6.6666665
7,710,SD,5,2024,4.8,11,2.95,5.3846154,4.7692308,2.4000001,4.1666665,2.8461537,3.3333333,2.1428571,7.3076925,2.2307692,2.2857144,2.1666667,5.8333335,2.7692308,3,5,2.7272727,3.1818182,5,2.3846154,6.6153846,3.1428571,5.1428571,4,6,2.4444444,2.6666667,3.3333333,1.6666666,2.125,1,2,3.3333333,3,3,6,3.5,4.25,1.5,4.8000002,.75,6.3333335,6.4285712,2.5,3.3333333,5.6666665
7,713,Aon,2,2024,3.9,2,3.76,3,4.6153846,2.5,4,4.8333335,3.25,3,4.75,8.2307692,1.2857143,.75,8.666667,6.5,7.8461537,7.6923075,1.6363636,8,7.4000001,4.3636365,5,7.3333335,3.6666667,6.8000002,3.5,5.5,4,7.6666665,7.3333335,6.5714288,7.5,7.4000001,6,7.3333335,7.1428571,6.8000002,5,5.75,2,6,2.3333333,6.3333335,7.8571429,1,3.3333333,5
8,811,Lega,1,2022,8.789999999999999,66,9,1.6,7.8666668,3.5,2.5555556,6.8000002,3.75,4.8000002,6.9333334,8.8666668,1,2.6666667,8.1999998,8.666667,9.8666668,9.6000004,.41666666,9.7692308,9.6923075,7.7142859,6.0769229,7.1428571,2.7142856,8.25,5.625,7.25,5.9000001,8.666667,6.7777777,9.3999996,8.8888893,7.25,8,9.125,7.7142859,10,2.9230769,8,7.2857141,2.75,9.5,6.375,7.6666665,1.2,3.6666667,7
8,815,FI,2,2022,8.109999999999999,45,9.6000004,5.3333335,7.5,4.75,3.1111112,7.4000001,2,2.5999999,7.8666668,6.0714288,3.6363637,5,5.3333335,6.7333331,6.4666667,6.4666667,4,6.5384617,6.5,8.2142859,6.5384617,6.1428571,2.1428571,7,4,8.5,7.8000002,6.3333335,5,6.8000002,6.5555553,5.2857141,7,6.625,3.8333333,8,5.0769229,7.5,7.2857141,1,5,4.75,3,5.1999998,6,3
8,827,SVP,8,2022,.42,3,.51999998,5.5454545,5.0999999,,1.8571428,5,2.75,1.75,5.4000001,5.0833335,4.1999998,2.3333333,3.4000001,4.9166665,5.5,3.4285715,2.1666667,6,3.4285715,5.1999998,5.1999998,5,4.75,4,3,4,4.4285712,5,2.5999999,5.5,5.4000001,6,1,5.75,7.4000001,,1.7692307,,2.8,5,1,3.8,.33333334,5,5.5,7
8,832,+E,3,2022,2.83,2,3.77,6.9333334,9.3999996,2.75,1.1111112,5.2666669,2.75,2.2,5.8571429,1.3333334,.63636363,.75,6.9333334,4.3333335,2.4285715,5.6666665,1.5,2.6153846,5.75,4.5384617,5.0833335,3.7142856,6.7142859,3.25,5.625,4.25,5.8888888,1.8333334,.8888889,.80000001,.44444445,.625,1.3333334,.5,4,0,5.5999999,3.5,2.2857144,5.25,2,3,1,7,6.3333335,0
8,837,PD,5,2022,19.04,69,24.1,6.8000002,7.8666668,2.75,1.4444444,2.9333334,2.125,4.5,7.3333335,2.3333333,1.6363636,4,7.4000001,2.9333334,2.2,6,2.9166667,2,6.6153846,2.5714285,8,3.1428571,6.7142859,1.875,7.125,2,3.2,3.3333333,.55555558,.40000001,.77777779,2.5,1.25,1.5,4.8333335,4,5.8461537,3,1.8571428,5.25,.75,3.125,2.6666667,6.4000001,5.6666665,9
8,838,SI,5,2022,1.8,6,3.4000001,4.8461537,5.8333335,6.3333335,3.875,1.3846154,.71428573,1.3333334,8.333333,1.6923077,.55555558,1.5,7.5833335,1.2307693,.76923078,7.2307692,1.0909091,1.4615384,7.25,.92307693,8.75,2.2,7.1999998,1,8.25,.25,1.4444444,1.75,.55555558,.5,.625,1.25,0,.85714287,4.8000002,10,6.0833335,1.4,1.1666666,6.75,.33333334,5,4.25,3.75,3,10
8,844,FDI,1,2022,25.98,119,28.799999,3.2666667,6.4000001,4.5,5.6666665,6.4000001,3.7142856,4.1999998,6.7333331,9.1333332,1.8181819,1.3333334,8,8.4666662,9.4666662,9.1333332,.41666666,9.333333,8.9230766,7.0714288,5.8461537,6,2.8571429,7,4.375,6,5.4000001,8.833333,6.75,9,8.8000002,7.6666665,9.5,9.5,7,10,5.3846154,8.8000002,7.7142859,3.5,8.5,5.625,7.1666665,3.2,4.1666665,3
8,845,M5S,9,2022,15.43,52,10,4.0714288,5.1333332,4.5,5.5555553,2.8666666,3.25,2.8,7.4000001,3.2666667,4.6363635,2.3333333,4.5714288,3.3333333,4.8666668,3.9285715,4.4166665,4.8461537,4.25,1.6428572,8.6923075,2.4285715,5.8571429,1.5,7.5,2,3.4000001,4.3333335,3,3,3.1111112,2.625,3.5,4.375,5.75,6,6.4545455,4.75,1.4285715,9.5,1.6666666,7.125,7.5,2.8,3.5999999,10
8,849,A,3,2022,7.78,21,3.3599999,6.7857141,8.3846149,.66666669,2,5.2142859,1.7142857,1.8,7.0714288,3.4615386,2.2,1.3333334,4.7142859,4.4285712,3.7692308,4.6363635,1.2222222,4.1666665,4.2727275,4.7692308,5.1666665,4.1428571,5,4.1428571,4.4285712,4.3333335,5.9000001,2.8333333,2.25,2.2,2.4444444,2.8571429,2.3333333,2.5,4,1,4.5,4,2.5714285,5.5,.75,2.4285715,1.6,6.4000001,6,0
8,850,EV,7,2022,1.8,6,3.4000001,5.7142859,6.5384617,5.6666665,3.25,2.2142856,1.5714285,2,5.5384617,1.7142857,1.0909091,1.5,6.1538463,2.1428571,1.3076923,5.8461537,1.4545455,1.4615384,6.4545455,2.1666667,7.5833335,2.5714285,9.5714283,.14285715,9.7142859,.33333334,2.1111112,1.5,1.125,.80000001,.71428573,1.375,1,.875,7,7,6.5,1.75,1.1666666,6.5,.33333334,5,2.25,3.4000001,3.8,
10,1001,CDA,4,2023,3.31,5,9.5,5.4166665,4,3.8,1,5.75,2.2,3.6666667,6.3333335,6.5,3.1428571,5,5.8333335,5.75,6,5.0833335,4.2857141,6.2727275,5.1111112,5.4000001,5,4,5.5999999,5.5999999,5.1999998,5,5.1428571,6.4000001,5.4000001,5,4.25,7.7142859,5,5.3333335,6.875,5,5.3333335,3.5,1,1,2.5,1.5,1.6666666,4.5,6.5,2
10,1002,PvdA,5,2023,7.88,13,10.55,6.1666665,5.0833335,4,.66666669,2.9166667,1.2,4,7.5,2.5833333,2,5,5.8333335,3,3.4166667,5.5,4.2857141,3.1818182,5.2222223,3,6.7777777,1.5,8.8000002,3,6.8000002,2,2.2857144,3,1.8,1.4,.2,1.8333334,2,3.6666667,2.7142856,5,5.6666665,2.1666667,.5,1,1.25,1.5,1.5555556,5.5,5.6666665,3
10,1003,VVD,3,2023,15.24,24,11.3,5.1666665,3.6666667,5.4000001,4,7.6666665,3.1666667,2.3333333,6.9166665,5.9166665,4,3.5,5.5,7.6666665,8.583333,8.166667,5.4285712,8.090909,7.2222223,7.1999998,6.1111112,4.5,4.8000002,6.1999998,4,8,8,8,4.1999998,4.5999999,.60000002,2.1666667,6.5,5.6666665,4.1428571,2.6666667,4.3333335,5.8333335,1,1,6.25,1.5,2.2222223,4.75,7,2.5
10,1004,D66,3,2023,6.29,9,8.3999996,6.9166665,6.75,1.2,.25,5.5,1.8,3.6666667,5.9166665,1.3333334,.875,1,7.5,4.6666665,2.5,6.0833335,1.8333334,3,5.3333335,5.4000001,4.1111112,1,9.1999998,3.4000001,7.4000001,6,5.1428571,1.8,1.6,.60000002,.2,1.1666666,2.5,4,1.8571428,2.6666667,3.6666667,.83333331,.5,1,1,3,.8888889,6,7,3
10,1005,GL,7,2023,7.88,12,10.55,6.3333335,5.2727275,2.4000001,.5,2.5,1.2,3.6666667,7,.91666669,.75,3,7.181818,2.5,2.0833333,5.9166665,1.6666666,2.1818182,6.1111112,2.9000001,6.1111112,.16666667,10,2.4000001,8.8000002,1,2.5714285,2,1.2,.60000002,.2,1.3333334,1.5,4.3333335,1.8571428,6.6666665,4.3333335,1.1666666,.5,1,1,2,1.7777778,5.5,5.6666665,3
10,1006,SGP,10,2023,2.08,3,3.7,2.75,3.4545455,2.25,2.5,7.1999998,1,2.3333333,4.0833335,9.416667,.375,.5,9.5,8,8.666667,5.75,1.5,8.6000004,6.875,4.8571429,3.625,6.1999998,3,6,2,,6.6666665,8.25,9.8000002,9.833333,9.8000002,9.8571424,8,5.6666665,8.5714283,6,3.5,5.25,1,1,4,1.5,1.7777778,1.5,3.6666667,4
10,1014,SP,6,2023,3.15,5,2.2,3,4.1666665,3.2,2.5,1.3333334,.5,2,8.333333,4.6666665,3.4285715,3,3.5,1.1666666,5.5833335,4.6666665,4.5999999,5.7272725,4.375,1.6666666,8.5555553,3.8,4.75,4.4000001,2.2,0,.5714286,3.8,4.25,4,.60000002,1.1666666,4.5,4.3333335,5,8.666667,6,3.4000001,.5,2,1.25,3.5,6.4444447,2.75,2.5,4.5
10,1016,CU,10,2023,2.04,3,2.8900001,4.5833335,4,4,1,4.3333335,1.6,3,5.6666665,6.9166665,1.5714285,2.5,7.25,4.5833335,4.25,5.1666665,3.1666667,5.2727275,5.2222223,4.1111112,4.6666665,3,4.75,3.8,4,4,4,4.1999998,4.5999999,6.1999998,5.4000001,9,4,3.6666667,6.3333335,5.6666665,4.3333335,1.6,.5,1,2.6666667,1.5,.8888889,3.5,5,3
10,1017,PVV,1,2023,23.49,37,17,1.5,6.5,1.1666666,2.6666667,6.3333335,6.8000002,3.6666667,4.9166665,8.090909,3.4285715,0,7,9.083333,9.833333,9.833333,.375,9.545455,8.7777777,5.2222223,4.8888888,8.833333,4.5999999,7.5999999,2.4000001,8,5,9.8000002,6.5999999,7.1999998,2.75,6.8571429,9.5,6,5.5714288,8,6,9.333333,9,2.8,9.75,4.5,9.666667,1,1.3333334,7.5
10,1018,PvdD,7,2023,2.25,3,4.5,3.5,4,4.5,.5,2.2727273,1.8,3,4.4166665,2.25,1.2857143,4,6.181818,1.5,2.4000001,3.4166667,2.8,3.3,3.4285715,4.2222223,3.5555556,.5,9.3999996,2.2,9.3999996,1,1.7142857,1.6,1.8,1.6,.2,2.2,1.5,2.3333333,3.1428571,7.5,6,2.4000001,.5,1,1,2,4.125,3,2.5,4
10,1050,DENK,9,2023,2.37,3,,4.2857141,2.625,3.6666667,2.5,3.5999999,2.5999999,3.5,4.8000002,6.2857141,4.5,7,7.1428571,3.8888888,1.2222222,7.4000001,1.3333334,1.8888888,9.4285717,3.625,4.75,5,3,5,2.5999999,,3.3333333,3.25,7.75,7.4000001,7,8.166667,0,2.3333333,2.5,5,5.5,4.6666665,.5,1.6,1,1.5,5.25,4,3.5,5
10,1051,FvD,1,2023,2.23,3,2.49,1.0833334,5.3333335,1.1666666,0,8.8000002,2,3,3.7,9.833333,.71428573,.5,8.333333,9.833333,9.916667,9,.14285715,9.727273,8,7.125,2.625,9.833333,5,7.8000002,2.4000001,7,8.166667,9.1999998,8.1999998,8.666667,7.4000001,6,10,6.6666665,5.1666665,4,6.6666665,9.166667,8.5,3.2,9.75,5,9.7777777,1,1,8
10,1052,Volt,3,2023,1.71,2,5.0999999,7,9.333333,.66666669,0,4.6999998,2.2,3.3333333,5.5454545,1.0909091,.75,.5,7.909091,4.5454545,2.090909,5.9000001,2,2.2,5.1428571,4.5555553,3,.83333331,8.1999998,3.8,6.4000001,5,4.4285712,2,1.2,1,.2,1.4,1.5,4,1.5714285,2.3333333,6.3333335,1.3333334,.5,1.8,1,2.5,1.125,7,7,2
10,1054,BBB,9,2023,4.65,7,5.4000001,2.5833333,5.25,4,3,7,5.1999998,5,4.6666665,7.6666665,4.5714288,1.5,5.818182,7.75,7.9166665,6,4.6666665,7.6363635,5.1111112,6.2222223,3.7777777,8.666667,7.1999998,7.1999998,7.4000001,6,6.4285712,7.4000001,6,6.4000001,3.6666667,5.8333335,6.5,5.3333335,9.875,8.666667,2.3333333,8.3999996,2.5,1.8,5.5,4.5,8,2.6666667,4,5
10,1056,NSC,4,2023,12.88,20,3.7,4,4.3333335,5.75,3.3333333,6,4.5999999,4.3333335,6.25,6.6666665,5.2857141,6,5.5454545,6.5833335,7.1666665,7.0833335,5.2857141,7.181818,6.1111112,4.3000002,6.1111112,5.8333335,6.8000002,5,3.8,6,5.1428571,7.1999998,5,5.1999998,3,7.2857141,6,5.6666665,7.8571429,6.3333335,4.3333335,2.8,.5,3.8,5.5,1.5,4.8888888,3.25,5.5,3.5
11,1101,CONS,2,2024,23.7,121,,1.7619047,5.2857141,3.1111112,2.1666667,7.4285712,3.7692308,3.625,7.4761906,7.1428571,3.75,4.625,6.8095236,7.6666665,8.2857141,8.7142859,3.3499999,7.1578946,7.6315789,7.1500001,4.6999998,5.4545455,4.6363635,5.9000001,3.5,7.1666665,7,7.5,5.3076925,5.4545455,2.7777777,5.1428571,5.6363635,7.5454545,7,4.181818,6.4000001,6.5,4.2857141,2.5999999,4.1538463,3.8888888,4.6999998,1.1666666,2.25,1.1666666
11,1102,LAB,5,2024,33.7,411,,4.4285712,3.4761906,4.7777777,6.1666665,3.6190476,5.5384617,6,8.3809528,3.3333333,5.25,3.375,4.0952382,3.8095238,5.0952382,5.6190476,5.2105265,3.3157895,4.4210525,3.55,5.8000002,3,5.909091,2.8,6.4000001,3,4.1333332,4.625,2.3846154,2.6363637,.77777779,3.5714285,2.3636363,3.5454545,2.7777777,3.4545455,2.8,4.5,1.4285715,6.5999999,2.6923077,2.5555556,1.6,3.8333333,4.25,1.5
11,1104,LIBDEM,3,2024,12.2,72,,5.7619047,6.1428571,1.6666666,3.75,4.2857141,4.3076925,4,6.3809524,1.7619047,3.25,2.625,6.2857141,3.8571429,3.3809524,4.9047618,2.2631578,2.8421052,4.6315789,3.6842105,5.2105265,2.090909,6.9000001,2.3,6.9000001,2.75,4,2,2.1666667,1.6363636,.66666669,2.4000001,2.5454545,2.1818182,4.6666665,2.7,2,2.7142856,1,7,2.2307692,5.3333335,2.3333333,5.1999998,5.75,2
11,1105,SNP,8,2024,2.5,9,,6.3684211,6.8333335,1.8333334,2.9000001,3.1111112,3.6363637,3.8,5.7222223,2.8235295,3.8888888,4.5,5.625,3.3157895,2.6428571,4.75,2.5454545,2.3846154,4.4285712,2.8125,6.125,3.2222223,6.5,3,6,2.5,3.5999999,4.25,2.3,1.8571428,.85714287,2.8,2,4.7777777,4.8571429,4.2857141,.16666667,4,2.4000001,4.75,1.7,6,3.2857144,6,6.25,1.75
11,1106,Plaid,8,2024,.7,4,,6.1999998,6.3571429,2.5,3,2.9230769,3.375,3,5.5454545,3.4545455,3.6666667,3.5,5.7777777,3.125,3.625,4.9000001,3,3.3333333,4.0999999,3.1666667,5.3846154,3.8,5.75,3.3333333,5.8333335,,3.75,3.5,2.6666667,3,1.4,2.5999999,3.3333333,5,5.4285712,4.8000002,.40000001,3,2.25,7.5,1.6666666,5.4000001,3,7,5.5,2.6666667
11,1107,GPEW,7,2024,6.4,4,,6.1500001,5.7368422,1.7142857,3,2.0999999,2.2222223,3.2,5.3888888,1.45,2.4545455,1.8,7.1666665,2.05,2.7368422,4.3157897,1.5833334,1.9375,4.75,2.2777777,6.1764708,.18181819,9.454545,.55555558,9.666667,1.4,2.0833333,2,2,.72727275,.42857143,1.5,1.625,1.6363636,5.1428571,5,1.5,2,.66666669,6.3333335,2.6666667,5,3.8888888,5.25,5.25,4.5999999
11,1110,REF UK,1,2024,14.3,5,,1.0476191,7.0476189,.66666669,.25,8.3888893,6.0833335,1.5,3.9523809,9.1000004,1.8333334,1.1428572,8.5238094,9.2380953,9.8095236,9.8095236,.90476191,9.3684206,9.5263157,8,3.5294118,8.181818,5.3636365,8.5555553,2.3333333,7.5999999,7.181818,9.7142859,7.0769229,7.818182,6.375,5.6666665,8.272727,9.818182,5.75,6.090909,9,9.666667,6.6666665,6,6.8461537,6.5555553,9.3999996,1,1,3.75
12,1201,CDU,6,2024,3.2,4,4.0999999,2,6.2727275,1.8,1.75,.60000002,1.125,1,8.363636,3.5,3.6666667,1.1666666,5.4000001,1.1818181,3,4.5454545,1.4444444,2.875,4.7777777,1.1,9.125,4,4.4000001,4.4000001,5.3333335,.80000001,1.1666666,2.1666667,2.2,3.8,2.3333333,.66666669,2.75,4.75,5,7.75,3.2,4,3.2,8.5,.5714286,4.25,7.1666665,2.25,1,7
12,1202,CDS-PP,2,2024,2.5,2,4.7600002,6.4545455,7.4545455,1.1666666,1.75,7.3636365,2.5,1.5,7.7272725,8.090909,1.6666666,2.1666667,7.6999998,7.6363635,7.3636365,7.2727275,1.625,8.4444447,5.5555553,6.3000002,8,5.8000002,3.4000001,5.5999999,5,7.8000002,5.8333335,7,4.4000001,8.8000002,6.1666665,8.166667,8.25,7.5,7.4000001,5.25,6,6,2.8,9,1,2.75,.83333331,4.25,5,2
12,1205,PS,5,2024,28,78,32.099998,7,9.090909,1,.5,4.181818,2.5,2.5,8.454545,2.8181818,3,2,5.3000002,4.181818,2.4545455,5.4545455,2.6666667,2.7777777,4.6666665,2.5,8.75,1.4,6.1999998,4,6.3333335,2.5999999,2.1666667,1.8333334,1.8,.80000001,1.5,2,3,1.5,4.1999998,4,3.2,4,3.8,8.5,.42857143,2.75,1.3333334,5.75,6,5
12,1206,PPD/PSD,3,2024,28.8,78,26.299999,7,8.909091,1,.75,6.7272725,2.625,3,8.818182,6.7272725,3.3333333,3.5,6.5,6.909091,6,6.909091,3.2222223,6.1111112,5.6666665,5,8.375,2.8,4.8000002,4.5999999,6.6666665,8,5.8333335,6,3.2,5.5999999,4.5,5.8333335,6.75,4.5,6,3,4,5,2.2,9,.71428573,2.25,1,5.5,6.5,2.3333333
12,1208,BE,6,2024,4.4,5,4.3000002,3.6363637,6.5454545,2.5,5.5,1.2727273,2.875,2,7.818182,.72727275,3,1.3333334,7.4000001,1.3636364,1.3636364,6.181818,1.2222222,1.2222222,6.3333335,.69999999,9.25,1,7.5999999,3.4000001,7,1,.16666667,.66666669,.60000002,0,.66666669,.33333334,1.75,1,3.2,8,2.8,3,3,8,.42857143,4.5,7.5,2.5,2.5,8.333333
12,1250,PAN,7,2024,2,1,1.21,6.125,6.375,2,2.5,3.4000001,4.7142859,7,5.3000002,1.6666666,3,3.25,7.2222223,3.4000001,2.625,3.7777777,1.4,1.8333334,4.6666665,2.625,6.5,.40000001,9,4.25,7,3.6666667,1,1.6666666,1.6,.75,1.5,.33333334,1.3333334,2.25,5.5,7.25,3.75,2.5,1,7,.5714286,4,4.5,4,3.5,8
12,1251,L,7,2024,3.2,4,3.76,6.5,8.333333,2,.66666669,3.4000001,3.1428571,2,7,1.3333334,3,2.8333333,7.5555553,3.3,2.5,5.8000002,1.8571428,1.875,6.5,2.3,8.8571424,1,8.3999996,4,7.6666665,2,.5,.80000001,1.4,0,1,.5,1.6666666,1.75,2.5999999,5.3333335,3.25,1.25,.66666669,7.5,.42857143,5,4,5,3,8
12,1252,IL,3,2024,4.9,8,8.1999998,6.0999999,6.2727275,2.3333333,1.25,8.090909,1.5,1.5,9.090909,3.3636363,3,1.8333334,6.3333335,6.909091,3.5555556,5.3000002,2,4,3.7777777,7.9000001,7.75,5.8000002,3,4.5,4.6666665,9,9.166667,.5,2.4000001,1,3,1.6,3.5,2.25,2.5,2,3.6666667,3,.75,8.5,.71428573,2,3.4000001,4.5,7,2
12,1253,Chega,1,2024,18.1,50,9.8000002,3.2727273,4.5454545,1.8333334,6.25,8.090909,6.5,3.5,5.7272725,9.636364,5,2.3333333,9.3000002,9.272727,9.727273,9.6000004,.55555558,9.7777777,9,6.5999999,6.625,7.8000002,3,5.5,5,7.8000002,6.75,10,7,10,8.833333,8,9,9.25,6,7,8,7.5999999,4.5,9,7.7142859,4.75,10,1.75,2.5,2.6666667
13,1301,SPO,5,2024,21.1,41,23.219999,6.0833335,5.0833335,3.1666667,4.1666665,2.75,2.5999999,5.1428571,8.166667,4.0833335,3.1666667,5.1666665,4,3.1666667,5.0833335,4.8333335,6.0833335,5,5.1666665,3,7.8333335,4.8333335,4.1666665,4.1666665,5,2.6666667,2.3333333,4.5,2.125,1.8,3,1.4285715,3.8,3.8571429,3.4000001,6.2222223,4.3333335,4,2.5999999,5.4000001,3,2.4000001,3.8571429,3.6666667,4.6666665,6
13,1302,OVP,4,2024,26.3,51,24.52,5,5.9166665,3.3333333,5.3333335,7,3,3.7142856,7.8333335,7.25,3.5,2.8333333,6,7.1666665,8.25,7.4166665,2.75,8.25,6.9166665,6,4.25,6,3.3333333,6.3333335,5.5,7.6666665,6.6666665,8.5,5.25,6.5999999,7.1428571,6.5714288,6,6.5714288,8.3999996,4.8888888,1.3333334,5.5,4.8000002,2.5999999,7.3333335,2.8,2.8571429,4.25,5,4.25
13,1303,FPO,1,2024,28.8,57,25.360001,1.9166666,6.5833335,2.3333333,3,6.5833335,6,2.5714285,5.3333335,9.5,.83333331,1,8.833333,9.333333,9.833333,10,.33333334,10,9.166667,5,3.9166667,8.666667,3,8,6,7.3333335,6.125,10,7.625,8.3999996,8.7142859,6.8571429,9.1999998,10,7.5999999,8.5555553,4,7.8333335,7.5999999,5.1999998,9,9,9.5714283,1,2.3333333,9.25
13,1304,Grune,7,2024,8.199999999999999,16,11.08,6.4166665,6.75,2.6666667,2.1666667,2.6666667,2.2,2.7142856,5.0833335,1.5833334,1.6666666,1.3333334,5.5,2.6666667,3.0833333,5.1666665,2.4166667,2.75,5.4166665,3.3333333,5.7272725,.16666667,8.333333,1.6666666,10,2,3.2222223,2.75,.5,0,0,.85714287,1,.42857143,3.2,5.8888888,5,3,.2,8.3999996,1,3.4000001,1.7142857,4.25,5,3.75
13,1306,NEOS,3,2024,9.1,18,10.14,6.9166665,8.166667,1.6666666,1.8333334,7.5,1.8,1.8571428,8.333333,2.25,1.5,1.8333334,5.3333335,5.8333335,4.3333335,4.1666665,2.1818182,4.0833335,5.25,6.181818,6.090909,3.1666667,5.3333335,3.1666667,5.5,8,9.1111107,3,1.75,.2,1,1.2857143,2.5999999,1.1428572,2.5999999,2,4.6666665,3.3333333,0,8.6000004,2,2.4000001,2.7142856,6.25,7,1.25
14,1401,SDP,5,2023,19.95,43,14.86,6.181818,5.9000001,2.5714285,3,3.1818182,3.5,3,7.6363635,2.909091,3.4000001,3.6666667,6.2727275,3.5454545,3.4545455,5.4545455,3.1818182,4.090909,5,2.6363637,8.545455,3.5999999,5.1999998,3.1666667,6.5,2.625,4,3.5,2.8333333,2,1.5,2.4000001,3,3.2,3,5.6666665,5.2857141,3.4000001,1,7,1.25,1.75,3.1428571,5,6,1.75
14,1402,KOK,2,2023,20.8,48,24.77,6.2727275,6.1999998,3.5714285,4,8,3.6666667,2,9.090909,5.2727275,5,6.1666665,4.2727275,7.818182,4.6363635,5.090909,5.2727275,5.6363635,5.181818,6.909091,7,5,4.5999999,5.3333335,4.1666665,8.625,8.333333,5.75,3.8333333,3.8,3.3333333,4.8000002,5.5,2.8,2.5,3.3333333,7.1428571,3.8,1.4,5.5,2.5,1,1.2857143,5,6.4000001,1.25
14,1403,KESK,11,2023,11.3,23,11.76,4.818182,5.5999999,3.8571429,4.5,5.818182,4.3333335,4.5999999,6.3636365,6.4545455,4.5999999,4.6666665,4.6363635,5.7272725,5.6363635,4.818182,4.909091,6.2727275,5.2727275,5.090909,6.090909,5.8000002,4.8000002,5.5,5.3333335,5.25,5.3333335,5.5,3.8333333,5.4000001,5.6666665,6.4000001,5.8333335,5.8000002,9.166667,6,2.2857144,3.5999999,1.8,6,2.5,1.75,3.7142856,3.5,4.4000001,1.5
14,1404,VAS,6,2023,7.1,11,17.32,5.5454545,5.8000002,4.2857141,3.75,1.6363636,2.6666667,1.4,7.181818,1.3636364,2,1.6666666,8.090909,1.5454545,1.9090909,7.2727275,2.2727273,2.1818182,6.7272725,1.2727273,8.909091,1.4,7.5999999,1.5,8.333333,1.25,2.3333333,2,2.1666667,1.2,.33333334,1.2,1.6666666,2.5999999,3.1666667,6.3333335,4.7142859,3.2,.80000001,7,.5,5,4.4285712,5,5.5999999,3
14,1405,PS,1,2023,20.1,46,7.5999999,2.4545455,5.8000002,3.5714285,3.5,8.181818,5.1666665,5.5999999,7,8.909091,1.6,1.3333334,9,8.181818,9.363636,9.636364,.81818181,9.636364,9.090909,7,5.6363635,8.3999996,7.8000002,8.166667,6.8333335,8.625,7.3333335,8,6,9,8.666667,7.1999998,9.333333,8.6000004,6.1666665,5,6.2857141,5.4000001,5.8000002,7,8.75,5.5,7.8571429,1.5,2.4000001,1.75
14,1406,SFP/RKP,8,2023,4.3,9,6.1700001,6.5454545,6.5999999,2.1428571,2.75,7,4.5,4,6.4545455,3.090909,4.1999998,4.8333335,6.5454545,6.3636365,3.1818182,6.5454545,3.5454545,3.1818182,5.909091,5.7272725,5.090909,4.1999998,4.5999999,4.3333335,5.3333335,6.375,6.6666665,4.75,2.5999999,3,1.5,4.5999999,2.3333333,3.2,4.8333335,5.5,4.2857141,3.4000001,1,7.5,1.25,2,1.8571428,4.5,6.8000002,1.75
14,1408,VIHR,7,2023,7.04,13,11.27,6.3636365,6.8000002,2.2857144,3,4.090909,3.8333333,5.1999998,5.7272725,.81818181,1.4,1,8.636364,3.909091,1.2727273,8.181818,1.3636364,1.8181819,7.5454545,3,6.7272725,.80000001,9.1999998,.5,9.666667,3.125,4.3333335,1.5,2.1666667,.80000001,.16666667,1.4,1.5,1.6,1.5,5,4.7142859,2.8,.80000001,7.5,.25,3.75,3.2857144,4.5,6.5999999,2
14,1409,KD,10,2023,4.2,5,4.1199999,4,5.1111112,3.1428571,5,7,5.1666665,4.1999998,5.818182,8.818182,2.2,1.3333334,8,7.5454545,7.181818,4.909091,2.4000001,8.090909,4.8000002,5.6999998,5.090909,6.4000001,3.5999999,5.8000002,3.8,6.875,5,6.5,5,9,10,9.3999996,6.8333335,7.1999998,5.8333335,6,5.4285712,3.5999999,3.4000001,6,3.3333333,2.25,2.2857144,3,3.75,1.75
14,1410,Liik,3,2023,2.4,1,.52999997,4.5999999,4.5,2.5,4,8.1000004,4,.66666669,8.3000002,4.8571429,3,2.3333333,3.75,7.5555553,5.5714288,3.875,2,5.5999999,4.1428571,7.25,6.5,6,4,5.75,4.25,8.166667,8.333333,6.25,4.3333335,4.6666665,5.3333335,5,4.6666665,3.5,2.25,3,5.75,3.3333333,2.25,7,3,4,4.4000001,4,5,2
14,1414,AS,8,2023,.37,1,,6,6.6666665,2,,7.3333335,4,1,6.5,4.5,,5.5,6,6.6666665,3,6.5,2,7.5,6,6,4.5,,,5,4.5,6,8,5,8,6,1,5,0,5,8,,4,0,1,,,1,3,5,4,
16,1601,V,6,2022,6.8,24,11.06,3.3157895,3.3333333,4.3333335,4.6666665,1.8947369,1.3636364,2.375,7.4210525,2.4210527,2.875,2.6363637,6.2777777,1.5789474,3.0526316,5.5789475,2.3333333,2.1578948,6.3157897,1.3684211,9.1578951,2.2222223,7,1.4,7.4000001,.5,.86666667,2.0999999,1.5555556,1.125,.33333334,1.6666666,2.25,2.0999999,4.8888888,5.5555553,5,3.8333333,2.5,1.7777778,1.7142857,3.9166667,5.5,2,4,4.3333335
16,1602,SAP,5,2022,30.3,107,24.77,5.7368422,3.6315789,5,4.6923075,3.6842105,4.2727275,4,7.3684211,4.7368422,5.75,4.7272725,5.0526314,3.7368422,6.9473686,5.5789475,5.7894735,5.4444447,6,3,7.7894735,3.1111112,6.1111112,3.7,5.3000002,2.5,3.6666667,6.4000001,2.1111112,2.375,1,3,5.25,4.5,4.8888888,3.4444444,5.2857141,4.1666665,1.125,2,2.7142856,.91666669,2.6666667,3.5999999,6.1111112,1.6666666
16,1603,C,11,2022,6.7,24,7.29,6.1052632,4.5263157,3.5,3.1538463,7.8421054,2.090909,2.5,7,2.9473684,2.375,2.4000001,6.6315789,5.9473686,3.4210527,6.1578946,3.3157895,3.3157895,6,6.5789475,5.3684211,2.8888888,7.2222223,2.5,7.5,7.5,8.5333338,3.0999999,2.4444444,1.25,.8888889,2.5,3.090909,2.9000001,6.7777777,1.2222222,4.2857141,4.3333335,1,1.7777778,2.1428571,2.5454545,2.1666667,4.4000001,6.4444447,2.6666667
16,1604,L,3,2022,4.6,16,4.3800001,6.8421054,6.9473686,2.8333333,1.5384616,7.3157897,3.3636363,2.5714285,6.4736843,4.4736843,5,4.9000001,5.8421054,6.7368422,6.7894735,5.9473686,5.6842103,6.1578946,6.6842103,6.2631578,5.4210525,4.1111112,6.2222223,6.1999998,4.9000001,6.75,7.3333335,5.6999998,2.8888888,2.125,1.2222222,2.6666667,5.5454545,3.9000001,3.875,1.4444444,4.7142859,4.5,1.125,1.5555556,4.2857141,1.3636364,2.1666667,5.1999998,6.7777777,.66666669
16,1605,M,2,2022,19.1,68,17.530001,5.7368422,4.5263157,3.8333333,4.1538463,7.8947368,2.4545455,2.5,7.4736843,6.4736843,4.375,3.6363637,6.7368422,7.5789475,8.4736843,8.2105265,2.8947368,8.0526314,8,7.3157897,5.8947368,6.1111112,4.5555553,7.5999999,3.5999999,8,8.2666664,8.6999998,4.8888888,3.75,2.625,3,7.181818,7.0999999,3.6666667,2.2222223,5.7142859,5.1666665,1.125,1.4444444,5.2857141,.91666669,2.3333333,4,6.3333335,1
16,1606,KD,4,2022,5.3,19,5.71,5.352941,4.2105265,5.1666665,4.0833335,7.2631578,3.4545455,2.75,5.5789475,7.7894735,2.875,3.1818182,7.8421054,8,8.2631578,8,3.3333333,8.5789471,7.6842103,6.5789475,4.7368422,5.8888888,5.4444447,7.4000001,3.7,6.5,6.8000002,7.9000001,6.1111112,5.75,5,6.3333335,6.909091,7.1999998,5.3333335,3.5555556,5.8571429,5.1666665,2.125,1.5555556,7.4285712,2.2727273,3.8333333,3.2,5.8888888,3
16,1607,MP,7,2022,5.1,18,13.85,5.3157897,4.7368422,4,3.6153846,3.1578948,3.1818182,4,4.6842103,1.9473684,1.25,1.8181819,7.4210525,2.7368422,2.1578948,6.1052632,1.8823529,1.4736842,6.4736843,2.8947368,6.4736843,.375,9.7777777,.1,9.8000002,2.75,3.4666667,1.6,1.7777778,1,.44444445,1.8333334,1.8181819,1.7,4,4.25,4.4285712,3.3333333,1,1.8888888,1.1428572,5.6666665,2.6666667,3,5.3333335,5.3333335
16,1610,SD,1,2022,20.5,73,13.17,2.6842105,4.4210525,5,4.4615383,6.3157897,6.5454545,3.5714285,3.8421052,9,1.625,1.4545455,9.2631578,8.5263157,9.9473686,9.9473686,.52631581,9.8947372,9.6842108,5.3684211,3.8888888,8.1111107,5.5555553,9,4.5999999,5.5,4.5714288,9.3000002,5.7777777,6.75,5.1111112,3.5,9.416667,9.5,7.1111112,6.25,5.2857141,6.1666665,4.5,2.4444444,9.1428576,5.3333335,8,1,3.6666667,5.6666665
20,2002,SDS,1,2024,0,0,,6.5185184,8.0740738,1.6363636,2.7692308,7.3076925,3.4666667,1.2857143,7.3333335,6.0799999,4.3000002,1.7692307,4.9583335,7,6.4761906,4.869565,1.4,6.1904764,4.3499999,6.0833335,4.6086955,5.6363635,3.25,4.9000001,3,5.4615383,6.818182,4.8461537,4,6.3333335,7.0714288,5.090909,3.6363637,4.5999999,3.5,3.3888888,6.1666665,5.4000001,4.8333335,3.8,1.6666666,3.0833333,1.4545455,5.875,6.8000002,2.5714285
20,2003,BSP,5,2024,7.32,20,7.0100002,4.4285712,4.7142859,5.5999999,4.7142859,2.8928571,4.0588236,3.3333333,6.7307692,8.1538458,2.3,3.3333333,7.1923075,3.6800001,7.9583335,6.7083335,2.4545455,7.3809524,5.318182,3.0769231,7.1599998,7.5833335,5.6153846,6.181818,3.9166667,4.0666666,2.909091,6.7857141,4.5,9,9.1764708,5.25,5.2727275,7.7272725,6.2142859,8.1764708,5.7142859,5.6363635,4.9166665,5.8000002,2.0999999,5.1666665,4.1538463,2.6666667,4.5999999,8.125
20,2004,APS,3,2024,7.23,19,14.66,5.9629631,6.2142859,2.2,2.8571429,4.7600002,5.1764708,1.125,5.4000001,5.52,3.8,1.3076923,5.0434785,4.8333335,4.9545455,4.521739,1.45,2.8181818,4.4285712,4.7199998,5.125,4.5,3.0769231,4.2727275,2.4166667,4.25,4.7272725,4.6428571,4.3000002,7,6.75,5,1.0769231,3.3,7.3571429,5.6666665,4.1428571,4.6363635,5.5454545,3.4000001,1.3,3.5,2.5,4.4444447,6.4000001,4.25
20,2010,GERB,2,2024,25.52,69,23.549999,6.4285712,8.0357141,1.7272727,2.9285715,6.6428571,3.9411764,2.375,7.4230771,6.4230771,5.0999999,2.8125,5,6.4400001,6.3333335,5.04,1.5909091,6.0434785,4.409091,5.9615383,4.6799998,5,3.3846154,5.0833335,2.6923077,5.4666667,6.181818,5.7857141,3.5454545,6.1111112,7.5,5.25,3.6666667,5.090909,4.6428571,4.352941,7.2857141,6.4545455,5.8333335,3,1.9,3.4166667,2.2307692,5.4444447,6.8000002,3.375
20,2018,DB,7,2024,6.8,18,7.2249999,6.9285712,9.1428576,1.4545455,1.2857143,6.7857141,2.1764705,2.6666667,7.6538463,3.4230769,2.9000001,3.1333334,5.9230771,6.2800002,4.9583335,4.4583335,1.9090909,3.6666667,4.6363635,6,5.52,2.5,4.6153846,2.9166667,4.5384617,4.8000002,6.909091,2.6428571,2.4545455,2.4444444,5.0666666,3.5454545,2.2727273,2,1.8461539,2.6875,3.8571429,2.3636363,.92307693,9.8000002,1.3,2.25,3,5.8888888,6.8000002,2.25
20,2019,ITN,1,2024,6.56,18,6.04,4.3703704,4.8076925,2.5454545,5.2307692,5.1111112,5.8333335,1.7777778,4.7199998,8,3.2,1.5,6.8000002,6.6399999,8.608696,6.5,1.3809524,7.8499999,5.2272725,5.5,4.9523811,7.5,4.8333335,6.5555553,3.909091,5.6666665,5.1999998,7.5384617,5.375,8.666667,8.7647057,5.25,7.6666665,7.0999999,4.8333335,7.7058825,6,6.1999998,4.3636365,7,3.5,8.6923075,8.0769234,2.5555556,4,6.125
20,2020,Vazrazhdane,1,2024,12.92,35,13.98,1.4642857,5.6785712,2.4000001,1.3076923,3.8399999,5.9411764,1.5,4.8846154,9.6923075,1.2,.5,8.6000004,8.1999998,9.5600004,9.0384617,.54545456,9.652174,7,3.5714285,6.521739,9.083333,5.3076925,7.5999999,4.5454545,4.4615383,3.5,9.2857141,7.4000001,10,9.5882349,6.75,9.5384617,9.909091,6.2307692,8.7894735,6.3333335,8.181818,6.090909,5.4000001,5.6999998,8.3846149,9.8461542,1.2222222,1.5,9
20,2021,PP,7,2024,6.9,19,7.2249999,6.8928571,9.1071424,1.4545455,1.5714285,5.1071429,3.1764705,3,7.7692308,3.1923077,3.2,3.4666667,6,5.1199999,4.625,4.3333335,2.2272727,3.7083333,4.681818,4.6153846,6.2399998,2.6666667,4.6923075,3,4.6923075,4.4666667,5.4545455,2.5714285,2.090909,3,4.6666665,3.8,2.6666667,2.2727273,2.3846154,2.8823528,4,3.090909,1.1538461,9.8000002,1.2,2.5833333,3.5384614,5.7777777,6.8000002,2.5
20,2022,DPS - Novo nachalo,3,2024,11.17,30,,5.814815,6.7037039,2.4000001,2.5384614,5.4583335,5.1176472,.83333331,5.9200001,5.9565215,5.5,1.5,4.6363635,5.25,5.6111112,3.95,1.6666666,3.2631578,4.4444447,4.9166665,5.2173915,4.2727275,3.5833333,4.875,2.0999999,4.3333335,5.1999998,6,3.5,6.875,7.181818,4.7777777,.75,3.5555556,7.3571429,5.5625,4,6.3000002,7.3636365,2,1.2,3.75,4.3076925,4.5,6.4000001,3.625
20,2023,MECh,1,2024,4.44,12,2.54,3.2272727,4.1666665,2.2857144,4.6363635,4.1333332,6.6153846,.83333331,4.3499999,8.458333,3.125,.69230771,6.3499999,5.8947368,8.8500004,7.1999998,1.0555556,8.7894735,5.0555553,4.5,5.75,7.375,2.5,7.6666665,3.5,6.375,3.4285715,8.6923075,6.5714288,8.375,9.3076925,5.3000002,7.818182,8.5555553,5.5999999,8.7142859,6,8.1111107,6.5555553,7.5999999,3.5555556,7.5,10,2.2857144,2.3333333,6.75
20,2024,Velichie,1,2024,3.87,0,4.0700002,2.7692308,3.75,3.8888888,5.75,4.2352943,7.25,3.5,3.7,8.826087,3.8571429,1.3571428,6.6190476,6.3000002,8.9523811,7.173913,1.5454545,8.9499998,5,4.5294118,5.647059,8.2857141,3.3636363,7.5,3.7777777,5.6666665,4.5,8.7692308,6.3333335,9.5,9.0714283,6.2727275,8.727273,8.6999998,7.7272725,8.8235292,6,8.25,6.5555553,7.1999998,4.1111112,8.272727,10,2.1428571,2.5,7.875
21,2101,SOCDEM,5,2021,4.66,0,1.86,5.0731707,4.8717947,3.6315789,4.25,2.390244,2.2777777,3,6.7894735,4.7837839,4.3684211,4.7857141,4.6388888,2.7692308,5.9411764,4.787879,4.0625,5.967742,4.5862069,2.090909,7.75,5.7647057,4.25,4.8000002,4.6666665,3.1176472,2.7333333,5.1111112,2.5833333,4.5625,3.6875,2.125,4.1875,5.2105265,5,6.5882354,5.1666665,4.9166665,2.5294118,4.5,2.6111112,4.4761906,5.9166665,3.5999999,4.5999999,6.0999999
21,2102,ODS,2,2021,13.31,34,11.14,4,5.860465,5.173913,5,7.2439022,3.3888888,3.2380953,7.8536587,6.5121951,3.4761906,4.7647057,5.7631578,7.125,7.1282053,5.9736843,3.2702703,7.647059,5.3030305,7.1714287,7.2285714,7.1111112,5.8823528,6,5.1764708,6.352941,6.875,5.5263157,5.8571429,6.2222223,6.3888888,4.5333333,6.3125,6.5,3.3076923,3.8499999,6.5384617,5.3333335,3.0588236,4.25,3,1.7272727,2.4615386,2.5833333,5.9166665,1.3333334
21,2103,KSCM,6,2021,3.61,0,9.5600004,1.4772727,6.1627908,1.1363636,2.3333333,.75609756,2.3333333,.90476191,7.219512,8,2.6315789,1.1875,6.3589745,1.0789474,9.333333,7.5405407,.87878788,8.9444447,6.46875,1.5,8.8235292,8.5,4.6666665,8,4.4117646,2.9411764,1.1333333,8.6842108,5.6923075,7.7222223,7.9375,.82352942,7.4375,8.75,6.3076925,8.9473686,7.818182,7.5,5.9333334,4.181818,5.1111112,5.6500001,9.2307692,1,2.6666667,9.166667
21,2104,KDU-CSL,4,2021,9,23,3.777,5.909091,5.8139534,2.3333333,3.2222223,5.3658538,4.1111112,3.6500001,5.875,7.8499999,2.2857144,3.4117646,7.3000002,6,6.5135136,5.4166665,3.2058823,7.1944447,4.6969695,4.742857,5.969697,5.2222223,4.9411764,4.647059,5.3125,4.4705882,5,5.8947368,5.0714288,8.2222223,8.4444447,8.166667,6,5.9499998,7.4666667,5.5500002,4.2666669,4.0833335,2.1764705,4,3.6666667,3.3636363,2,4.8333335,5.0833335,2
21,2109,TOP09,2,2021,5.48,14,7.4200001,6.4878049,7.3720932,1,1.8888888,7.2926831,2.5555556,2.8,6.780488,4.2439022,2.2,3.2,6.4615383,6.875,5.1025643,5.2432432,2.7777777,5.3611112,4.6666665,6.9705882,6.1764708,4.4117646,5.7647057,3.5882354,5.5,6.4705882,6.75,3.6842105,3.6428571,2.9444444,3.1666667,4.4375,4.3125,3.4000001,2.8571429,3.05,5.0769229,3.5833333,1.2941177,4.8333335,2,2.590909,1.8461539,5.8333335,5.9166665,1.25
21,2111,ANO2011,9,2021,27.13,72,26.139999,3.0681818,5.2790699,2.2608695,6.7222223,3.8,6.7222223,2.3333333,7.609756,6.9499998,4.7619047,3.4666667,5.6052632,4.2162161,8.8461542,7.5128207,1.6052631,8.583333,6.3939395,3.8,7.6571426,7.4444447,5.5882354,7.6666665,5.1176472,5.4375,4.7333331,6.9473686,6.2142859,6.5555553,5.8823528,2.6923077,7.5333333,7.8499999,6.6923075,6.7368422,7.2727275,8.083333,4.2352943,4.5454545,4.4444447,5.0999999,8.3846149,1.7272727,4.9166665,6.5833335
21,2114,Pirates,7,2021,1.69,4,6.1999998,6.409091,6.5348835,2.3181818,2.4444444,4.4358974,4.8823528,5,5.5749998,1.5853659,1.3809524,2.8125,7.4000001,4.1999998,3.3157895,5.0526314,2.7837837,3.1142857,4.875,4.40625,5.3235292,2.3333333,7.2941175,2.4705882,6.4375,3.5882354,5.0666666,1.8888888,1.6428572,.8888889,1.1111112,1.5294118,2.4117646,1.6,2.6153846,3.3157895,3.5714285,3,1.0588236,7.1666665,1.7777778,6.2857141,4.4615383,5.7272725,6.25,1.8333334
21,2115,SPD,1,2021,9.56,20,5.73,1.1136364,7.4883723,.43478259,1.0555556,4.1025643,6,1.2857143,5.2682929,9.439024,1.2380953,1.2941177,8.3076925,8.75,9.9230766,9.7948713,1.0526316,9.7567568,8.71875,4.3235292,6.5999999,8.833333,6.9375,8.833333,5.1764708,5.3571429,4.8461537,9.1578951,7.6153846,9.333333,9.5,4.1538463,9.7647057,9.8500004,6.1666665,8.9499998,8.25,8,5.4000001,5.5454545,8.6111107,8.045455,9.4615383,1,3.3333333,8.545455
21,2116,STAN,3,2021,13.9,33,8.6999998,6.6428571,6.9302325,1.2727273,2.3333333,5.8499999,3.6111112,3.75,5.9268293,4.0500002,3,3.2666667,5.6052632,5.8000002,5.0810809,4.6216216,2.8823528,5.1111112,4.3030305,5.8000002,5.5882354,4.0588236,5.6875,3.5882354,5.375,5,6,3.7894738,3.5714285,2.5,3.1666667,3.1333334,4.5714288,3.2,6.2857141,3.7222223,2.5333333,3.4166667,1.7647059,4.8333335,1.9444444,3.409091,2.2307692,5.5,6,1.5833334
21,2117,Psaha,9,2021,4.68,0,5.2600002,2.2439024,5.8717947,1,2.8888888,5.8400002,7.0833335,2.875,4.1481481,7.5483871,3,1.7777778,6.8275862,7.6666665,9.1764708,8,1.2857143,9.0370369,6.8800001,5.6666665,4.8000002,7.9375,6.0833335,8.416667,5.3636365,5.5999999,5.4444447,8.833333,6.875,8.2222223,7.7142859,3.3333333,8.6153851,8.4375,4.8333335,7.1111112,7.25,8.25,5.4444447,7,6.1666665,7.1538463,9,1.4545455,3,7.375
21,2118,MOTO,1,2021,0,0,5,1.5813954,6.8837209,.72222221,1.2222222,7.4230771,6.3076925,1.1111112,4.4814816,8.25,2.3333333,1.25,7.5483871,8.4117651,9.454545,8.4137936,1.1428572,9.4615383,6.9565215,7.3157897,4.8947368,9.0588236,8.0625,9,6.2142859,7.3000002,6.5,8.1428576,7.75,8.416667,8.7142859,3.3333333,9.166667,9,3.5555556,6.2222223,7.1666665,8.5714283,6.5,6.1428571,6.8000002,6.3636365,9,1.1818181,3.5,9
22,2201,Isaama,2,2023,8.210000000000001,8,21.5,4.9473686,6.0999999,3.4285715,3.3636363,7,3.7272727,2.8,6.6842103,7.5789475,2.8333333,3.4166667,7.1052632,7.7894735,8,7.1666665,2.5999999,8.3684206,7.6666665,6.7647057,5.0588236,6.5555553,5.5555553,5.2222223,3.1111112,7.2222223,6.25,7.2142859,7.6666665,7.875,8,6.9000001,8.333333,7.4285712,5.6999998,4.875,5.75,5.8333335,2.875,6.5,3.8571429,5.375,3.6666667,4,5.3333335,0
22,2202,EK,3,2023,15.28,16,12.4,4.8000002,4.75,5.1666665,4.909091,3.6666667,3.3,4.4285712,6.3888888,5.6111112,6.6666665,6.5,4.5,4.1666665,5.1875,3.7647059,4.9230771,3.6666667,4.8235292,2.8125,6.4000001,5.7777777,3.8888888,5.125,3.375,3.8888888,2.8571429,5.0833335,4.6666665,6.4285712,6,4.1999998,2.2,4.3333335,4.8000002,5.625,4,4.8000002,3,7,.83333331,4.5714288,5.5555553,4.1666665,5,3.25
22,2203,ER,3,2023,31.24,37,17.9,6.5999999,8.0500002,1.8571428,.72727275,7.3684211,4.3636365,3.4285715,7.6842103,2.4736843,2.3333333,3.6666667,5.6842103,6.6315789,4.1111112,4.2222223,3.5333333,5.5263157,4.6111112,6.9411764,4.8823528,2,6.2222223,4.5555553,4.6666665,5.4444447,7.25,3.2857144,3.3333333,3.375,2.3333333,4.2222223,5.5,4.2857141,1.6,1.375,7.1428571,7.1666665,1.625,6,1,2.375,.33333334,5.7142859,6.8333335,0
22,2204,SDE,5,2023,9.27,9,19.299999,6.6999998,7.1500001,1.7142857,1.3636364,3.2631578,3,2.8333333,7.2105265,1.8421053,1.5,2.5,6.7368422,3.2105262,3,4.1666665,3.4666667,3.2631578,5.2222223,2.3125,7.1764708,2.4444444,6.1111112,3.6666667,5.8888888,3,3.25,3.0714285,2.3333333,1.875,.8888889,3.2,2.6666667,2.8571429,4.1999998,3.8571429,4,4.8333335,1,6,1.1428572,3.625,2.1111112,5.5714288,6.1666665,0
22,2209,EKRE,1,2023,16.05,17,14.9,2.3499999,5.75,3,3.7272727,5.8421054,5.3636365,3.5,5.2105265,9.2631578,.66666669,2.75,8.5263157,8.9473686,9.6111107,9.166667,2.0666666,9.0526314,8.666667,5.352941,4.9411764,9,7,7.1111112,3.4444444,6.875,4.625,8.4285717,9,9.625,9.666667,6.9000001,8.833333,8.4285717,8.1999998,7,4.2857141,4.8333335,6.25,7.5,5.7142859,7,9.666667,1.8571428,2.4000001,4.75
22,2210,E200,3,2023,13.33,14,2.5999999,6.4000001,6.6999998,2,2.7272727,7.1052632,3.6363637,3.3333333,6.7894735,2,2.8333333,2.6363637,5.9444447,6.2631578,3.3529413,4.7058825,2.909091,4.3888888,4.8235292,6.125,4.2941175,2.7777777,5.7777777,4.4444447,4.6666665,5.4444447,6.25,2.9230769,3.3333333,1.875,1.3333334,3,3.5999999,3.1428571,1.8888888,2.5714285,6.375,6.5999999,1.125,6,1.4285715,3.375,2.4444444,5.2857141,6.6666665,.25
22,2211,Parempoolsed,3,2023,2.3,0,6.8400002,5.5333333,5.7333331,2.75,3,8.625,1.4545455,1.4,8.1176472,3.875,1.75,2.6666667,4.8666668,8,4.5384617,4.9166665,2,5.8333335,4.5833335,8.4615383,6.6153846,4.6666665,6.1666665,5.8000002,3.8,8.875,8.7142859,4.6666665,6,4.75,5.6666665,4.5,4.6666665,4.1999998,2,2.25,6.1666665,6.6666665,2,8,2.3333333,4.25,5.1666665,5,6,.66666669
22,2212,Vasakliit,6,2023,2.4,0,,2.5,2.7142856,3,7,1.0909091,1.2,1.5,4.6666665,7.5999999,1,1,4,1.5555556,4.5999999,3.3333333,2.5,2,3.6666667,1.125,7.8571429,4,4,5,2,1.2,1.3333334,7,,,7.25,1.3333334,0,4,3.6666667,8.5,5,1,5,8,0,7,10,2,1.75,7
23,2301,MSZP,5,2022,7.12,11,4.0100002,6.3888888,5.7222223,2.3,1.5,2.8235295,2.7272727,2.1666667,7.0625,3.75,1.75,3.3,5.5,3,4.5999999,3.2666667,2.6153846,4.9166665,4.3333335,2.5294118,7.2352943,4.25,4.125,4.8571429,3.25,2.8888888,4.3333335,4.5999999,2,3.1111112,3.875,1.5454545,3.5999999,4,3.2727273,5.5,3.3333333,3.8,1.5555556,5.6666665,0,3.3333333,4.625,5,6.25,2
23,2302,Fidesz-KDNP,1,2022,34.33,135,44.82,2.8947368,8.0555553,1.3846154,4.1999998,3.7058823,4,1.3333334,7.6111112,9.2777777,.33333334,.63636363,9.166667,8.6111107,9.7777777,9.833333,.17647059,8.7333336,6.25,5.4705882,6.0588236,7.3333335,3.1111112,6.3333335,2.2222223,6.8000002,3.2,9.5714283,7.6363635,9.8888893,10,8.818182,5.1999998,10,8,7.181818,8.5,9.5,8.3999996,1.25,4,3.1666667,6.5,1.5,5,10
23,2308,JOBBIK,1,2022,6.47,10,.99000001,4.4210525,5.0625,3.5,4.25,4.7142859,4.3333335,2.3333333,5.5333333,6.8125,3.2,4.3333335,6.0588236,6.4705882,7.4000001,5.5625,2.0833333,7.5833335,4.7142859,4.5384617,5.7857141,5.7142859,3.1428571,5,3.6666667,3.7142856,4.4000001,7.7142859,6,7,7.75,6.3333335,4.75,6.1666665,6.1428571,6.1111112,4.5,4.8000002,3.375,6.625,1,4,7,3.6666667,5,3
23,2309,LMP-MZP,7,2022,7.12,11,.87,5.1999998,6.1428571,4.4000001,.75,3.6153846,2.8888888,3.5,5.8461537,3.0714285,2.8,4,5.1333332,3.7857144,4.4166665,3.7857144,3.7272727,4.3333335,3.5999999,3.25,5.5384617,.5714286,9.1428576,1.6666666,7.4444447,2.5714285,4.75,2.8,1.2222222,2.2222223,2.5714285,1.4444444,2.5,3.2857144,3,5.8888888,1.8333334,2.75,.75,8.1428576,0,6.75,4.75,4,5.5,2
23,2311,DK,5,2022,9.710000000000001,15,4.02,6.7777777,8.3888893,1.0769231,.60000002,4,3.5,.83333331,7,3.3333333,1.6666666,1.7272727,7.7777777,4.2777777,4.4444447,4.5555553,2,4.6666665,4.4375,3.7647059,6.7647057,3.625,5,4.2222223,3.2222223,3.3333333,5.5,4.8571429,1.7272727,2.3333333,3.2222223,1.3636364,4.5,2.4285715,2.4545455,4,3,3.6666667,1.7,7,0,3.8333333,4.4000001,5.8888888,6.25,3.5
23,2314,Momentum,3,2022,6.47,10,3.7,6.7777777,8.7222223,1.3076923,.60000002,5.2222223,1.75,3.3333333,6.0555553,1.4444444,1,1.4545455,8.4444447,4.1666665,2.1111112,5.2777777,1.8235294,2.4375,5.4375,4.7058825,6.1176472,.8888889,7.6666665,2.4444444,7,4.0999999,8,1.5714285,.90909094,.55555558,.77777779,.81818181,2.5,1.4285715,1.3636364,3.2727273,1.1666666,.83333331,.30000001,8.75,0,6.1666665,5.5555553,6.375,6.25,1.5
23,2315,MKKP,9,2022,3.27,0,3.5899999,5.4705882,5.0555553,2.5555556,2.5,3.7142856,3.2,1.5,4.5882354,1.3333334,3.1666667,2,6,3.5,2.7647059,3.9444444,2.1538463,3.1333334,4.1875,4.0666666,5.1333332,1.8888888,6.25,3,5.3333335,3,5,2.2857144,1.3636364,1.4444444,.875,.36363637,.5,2,1.8,3.5555556,1,2,.77777779,8,0,6.1666665,7.6666665,5.1428571,6.25,4.5
23,2316,MHM,1,2022,5.88,6,6.71,2.1111112,6.4117646,1.75,1.8,4.625,3.909091,.75,4.8823528,9.5294113,1.4,.2,8.5882349,9.2941179,9.6470585,9.1176472,.33333334,8.5,5.7333331,5.1333332,6,6.7142859,4.4285712,5.4444447,2.7777777,4.7142859,2.5,10,7,9.2222223,10,8.6000004,5.1666665,10,7.5999999,7.6999998,5.5999999,9,7.2222223,5.5,6,4,7.7777777,1.3333334,3,8.5
23,2318,Tisza,4,2022,0,0,29.6,5.4705882,7.625,1.9166666,6.1999998,5.4666667,6.0833335,1.2,7.4117646,5.25,3.1666667,2.8571429,5.25,6.1666665,6.6666665,4.8666668,2.2307692,5.3636365,3.8333333,4.75,5.8000002,3.2,5.5,4.3333335,4.25,3.4285715,6.4000001,5.2857141,3.25,4.5,5.4285712,4.8000002,4,6,4.5454545,5.125,3,1.5,.89999998,9.25,0,6.5,8.333333,4.5,6.3333335,4
24,2402,LKS,6,2022,3.67,0,,3.3181818,3.4736843,2.5,4.5555553,2.6111112,6,3.3333333,5.0588236,8.25,3.3636363,2.75,5.0666666,2.8666666,4.5,3.8888888,2.5714285,2.1818182,5.0833335,2.6153846,5.6666665,7.5999999,1.8571428,4,2.25,4.25,5.3333335,5,3.75,5.5999999,8.5714283,5,.81818181,4.5555553,4.25,4,2.3333333,4.8571429,1,2,1.875,5.25,8.2857141,1,5.1999998,9.5714283
24,2405,ZZS,7,2022,12.58,16,2.3,5.3200002,6.25,3.625,3.5384614,5.4000001,4.5833335,3.2857144,7.304348,6.9583335,4.8125,3.2,4.4499998,5.7727275,6.9047618,5.2105265,2.75,7.2777777,5.0588236,5.2777777,4.7777777,5,4.7777777,4.25,4.7142859,4.6666665,4.125,6,3.8888888,6.6666665,6.4000001,4.5,4.5999999,7,6.3333335,6.6666665,3.8181818,6,2.3333333,6,2.9166667,4.375,3.1111112,5,5,2.4285715
24,2406,NA,1,2022,9.4,13,22.32,5.3809524,6.8000002,3.625,2.7,5.75,4.4545455,1.8,6.25,9.0500002,2.8461537,1.4,8.1578951,7.8421054,9.1578951,8.1578951,1.0666667,9.1176472,6.8125,5.6875,5.4000001,6.625,4.25,4.75,4.8333335,5.1111112,4.1999998,7.7142859,5.3000002,7.1428571,8.8000002,6,8.1999998,8.75,6.125,7.1999998,6.75,5.8571429,2.8,6,6.6666665,3.875,4.4285712,4.1666665,5.4000001,.5
24,2410,Saskana,5,2022,4.86,0,7.21,4.8400002,5.478261,3.6666667,4.2307692,3.28,5,3.8333333,6.7272725,6.4761906,4.3846154,4.5999999,4.5263157,3.2857144,5.0588236,4.375,3.1818182,3,4.8571429,2.9375,6.5,6.6666665,2.7777777,4.4285712,4.1666665,4.2222223,5.2857141,5.3333335,2.6666667,5.125,6.5,4.125,.90909094,4.181818,3.5714285,4.4000001,3.2857144,5.25,1.8571428,5,2.3636363,5.7142859,5.5,4.6666665,5.8333335,7.5714288
24,2412,V,3,2022,19.16,26,25.370001,6.8333335,8.8000002,.75,1.2142857,6.1199999,3.5833333,2.875,7.5652175,3.625,3,4.4000001,4.8571429,5.9545455,5.7142859,4.8000002,2.875,6.2105265,5.2941175,5.7222223,4.7777777,3.8888888,5,3.25,5.5714288,4.8000002,4.25,5.1999998,1.5555556,3.25,2.909091,3.4285715,5,5.9000001,3.7142856,3.2,6.2727275,4.625,2,7,1,2.5555556,1.5555556,6.1666665,6.5714288,.42857143
24,2414,AS,8,2022,11.14,15,8.2700005,5.5833335,6.4347825,3.2857144,3.3846154,5.9166665,5.0833335,3.5999999,7.5454545,6.8095236,4,4.5,5.3157897,6.1428571,6.7894735,5.4499998,2.6666667,7.647059,5.0588236,5.8823528,4.125,5.3333335,4.1111112,4.125,4.1428571,4.8000002,5.5,6.6666665,3.875,6,7,4.1428571,6.0999999,7.090909,6.1428571,6.3333335,3.5999999,6.125,2.3333333,5.6666665,3,4.375,4,4.6666665,5.1428571,.33333334
24,2417,AP!,3,2022,5.03,0,9.46,6.7199998,8.391304,1.625,1.6428572,5.7199998,4.090909,3,6.826087,3,2.0666666,2.25,6.4499998,5.181818,3.6666667,5.4444447,2.7692308,4.2222223,5.7692308,4.8235292,4.875,3.2222223,5.8888888,4.1111112,6.1666665,4.6666665,5,3.4285715,1.2222222,3.1111112,1.0909091,3,4,2.9000001,3.3333333,4,6.125,3,2,6.5,1.5,3.3333333,3.625,6,7,.71428573
24,2418,S!,8,2022,6.88,11,2,3,4.0416665,3,4.9230771,3.3913043,5.6363635,2.75,5.7727275,8.347826,3.0769231,3.4000001,6.4000001,4.25,6.3571429,4.5882354,2.6363637,3.2727273,4.5,4,5.0625,6.5714288,3.4444444,5.1999998,3,6,5.1999998,5.625,4.375,6,8.3000002,4.4285712,1.1818181,5.090909,3.5714285,5.4000001,3.5714285,5.875,2.8333333,5.3333335,2.3333333,7.2222223,7.3333335,3.3333333,4.3333335,9.166667
24,2419,LPV,9,2022,6.31,9,6.23,3.5,4.2173915,3.1666667,4.6923075,6.0869565,5,2.4000001,7.9565215,8.636364,2.2666667,2,7.5500002,6.6842103,6.625,5.1111112,2,4.5,4.4666667,6.6666665,5.2666669,6.1428571,3,5.8571429,3,7.1111112,6.5714288,6.6666665,6.1111112,7.375,8.6999998,7.75,3,6.1999998,4.8571429,4.1666665,5.6666665,7.75,3.5,5,3.7777777,7.4285712,7.6666665,2.8333333,5.1428571,7.8000002
24,2420,Progresivie,7,2022,6.23,10,7.5300002,6.8800001,8.6400003,1.875,1.3571428,2.72,3.75,3.1666667,7,1.173913,1.4375,2.5,7.8095236,2.6818182,2.5714285,5.5,2.8235295,3.1500001,6.5882354,2.1052632,7,2.4444444,7.2222223,2.1111112,8,2.6666667,3.5555556,3,.44444445,1.8888888,.18181819,2.5,3.4545455,1.9090909,3.2857144,3.2,6,2.5,1.5714285,5.3333335,1.75,4.75,4.4444447,6.5,6.4285712,.85714287
25,2501,LSDP,5,2024,19.32,52,17.98,6.5789475,6.5555553,2,1,3.6111112,4.4545455,3.5999999,8.125,5.1764708,6.6666665,5.2857141,5.0588236,3.7058823,5.1875,3.4666667,3.5,5.3846154,3.3076923,3.0714285,7.9285712,4,3.6666667,4.7142859,3.8333333,2.8888888,3.5999999,4.1666665,3,4.625,5.6666665,2.625,4.3333335,5.4000001,5.875,4.6666665,5,5,1,4.1999998,3.3333333,3.2222223,3.5,5.1999998,6,2
25,2506,TS-LKD,2,2024,18,28,21.33,6.7894735,7.7894735,3,.33333334,5.8333335,3.090909,4.8000002,6.9375,5,5,6.7142859,5.7647057,6.4705882,5.4375,4.5625,4.3571429,5.7857141,4.6923075,5,6.0769229,4,3.6666667,4.3333335,4.3333335,3.6666667,5.5999999,4.8333335,3.4285715,3.625,5.3333335,6,3.75,5.4000001,3.7777777,4,5.5,4.75,.85714287,5,4.3333335,2.4444444,.75,4.8000002,6,.40000001
25,2507,LVZS,11,2024,7.02,8,9.1300001,5.0555553,5.5882354,2.8,4.2222223,3.8823528,5.2727275,3.4000001,6.1999998,8.4705887,1.8888888,2.1428571,8.0625,6.4166665,7.0666666,5.125,2.6153846,7.4166665,4.2307692,4.3333335,5.6666665,6.8333335,5.3333335,7,5.1666665,4.625,4.1999998,6.5,6.75,8.125,9.166667,6.5,6.5,8.1999998,8.8888893,7,6.3333335,6.5,2.5999999,6,3.3333333,6.1111112,7,2.75,6,3.5
25,2511,LLRA,8,2024,3.88,3,5.7800002,4.4210525,4.8235292,2.25,5,3.4666667,5.2727275,3,4.6428571,9.0588236,1.5555556,1.1666666,8.3529415,7.0666666,7,5.1428571,2.090909,6.6999998,4.0999999,3.8888888,5.3000002,6.6666665,2.4000001,5.5,3.2,3.625,4.6666665,6.5999999,7.875,8.5,9.666667,8.5,.60000002,7.8000002,8.25,6.3333335,5,5.6666665,2,4.1999998,4,7,6.3333335,2.6666667,6,5.25
25,2518,LS,3,2024,7.7,12,5.4200001,6.7894735,7.3157897,2,.55555558,7.6666665,1,3,7.5625,2.7058823,3.2222223,2.7142856,6.5294118,6.5625,4,4.375,2.5384614,4.3846154,4.0769229,7.3571429,5.2142859,3.6666667,4.8333335,3.8571429,5.1428571,7,8.1999998,3.1666667,1.875,1.75,3.5,2.125,3.6666667,4,3.7777777,3.3333333,2.6666667,4.5,.2857143,5,3.6666667,3,.75,5,5.5,.80000001
25,2524,Laisvs,3,2024,4.62,0,8.1000004,6.7894735,7.3684211,1.8333334,.33333334,8.0555553,1.0909091,2.8,7.25,.64705884,.44444445,1,9.4117651,6.2666669,3.3125,4.6666665,2.0714285,3.2857144,4.0833335,8.0714283,4.8571429,2.5,5.6666665,2.1428571,6.7142859,7.3333335,8.3999996,2,.875,.375,1,1.125,2,3.4000001,1.5555556,2.5555556,2.6666667,4,.42857143,5.1999998,3,2.4444444,.75,5,6,.80000001
25,2525,PPNA,9,2024,14.97,20,,4.2941175,4.1052632,2,5.3333335,4.1428571,6.0999999,4,5.5333333,8.5,1.625,1.5,7.3125,7.8000002,8.1999998,6.0769229,1.75,7.8333335,4.181818,3.6363637,5.6923075,7,2.8333333,6.1999998,1.6666666,4.5714288,3.5,6.8333335,7,7.4285712,9.333333,6,6.6666665,7.5,8.1111107,6.75,5.3333335,7.6666665,3.75,8.6000004,3.6666667,8.1111107,9,2.25,6,5.25
25,2526,DSVL,7,2024,9.220000000000001,14,5.9499998,6.3157897,6.7058825,2.3333333,1.4444444,4.6666665,4.181818,4.5999999,7,5.0588236,5.5,4,4.8823528,4.5882354,5.6666665,3.8125,3.3,5.6153846,3.5833333,4.3076925,6.0769229,4.5,2.8333333,4.4000001,4.6666665,4.1111112,4.75,5.1666665,3.5,5.625,5.3333335,4.125,4.5,5.25,5.2222223,4.625,5.6666665,5,1,5.1999998,3.3333333,3.7777777,4.5,4.75,5.5,1.6
25,2527,NS,1,2024,2.87,1,3.79,3.4444444,6.2105265,1.8333334,3.2222223,4.375,5,3.5,4.0625,9.4117651,.55555558,1.1428572,9.1764708,8.6875,9,9.1875,2,9.5,8.2307692,3.909091,5,7.4000001,5.25,5.8000002,1.5,4.3333335,3.5,7.6666665,7.25,8.5,9.8000002,8.1428576,8,9.1999998,6.125,7.4285712,4.6666665,8,3.3333333,7.5999999,6,8,7.25,1.6,6,1.75
25,2528,PLT,3,2024,.77,1,1.25,5.1875,5.5384617,2.5,5,5.7857141,5,3.5999999,5.75,6,6.5714288,2.5,5.5,6.0714288,6.4545455,4.5555553,3.8333333,5.75,4.1428571,5.4000001,5.1111112,4.5,4,5,6,5.5,5.5,4.5999999,4.3333335,4.75,6,4.5,4,5.3333335,4.25,4.1666665,4.6666665,5,2.3333333,4.75,5,5.1666665,6,3.5,6,1.5
26,2601,Nowa Lewica,5,2023,5.55,19,5,6.8965516,8.333333,1.2142857,1.5384616,2.3214285,2.9166667,2.5999999,6.7857141,1.75,1.1,1.9444444,8.3571424,2.4074075,3.1481481,6.0740743,2.2962964,3.0833333,5.6086955,2.3703704,7.2592592,2.3076923,7.6153846,1.8571428,7,1.9230769,3.3846154,2.0666666,.80000001,.60000002,1.6666666,1.2,1.6,1.5625,3.0999999,4.4166665,3,2.7142856,1.2631578,6.5999999,1,5,2.9000001,5.7777777,5.8888888,3.2857144
26,2603,PO,4,2023,30.7,157,37.099998,6.6333332,8.6999998,1.2666667,2.5714285,6.1724138,5,3.125,7,3.6551723,4.818182,5.0555553,6.7586207,4.9285712,7,7.4642859,5.0370369,5.9583335,5.0799999,5.3928571,5.1071429,3.6428571,5.8461537,3.5714285,4.5714288,5.4615383,6.7142859,3.125,2.5833333,3.2,3.4615386,3.7,3.2,3.5625,2.090909,3.0769231,3.5714285,3.8571429,1.55,6.8000002,2.6666667,3,2.55,4.8000002,6.4000001,2.1428571
26,2605,PiS,1,2023,35.4,194,36.200001,3.0999999,7.0333333,3.2,5.1428571,2.5172415,4.5384617,2.25,6.7931032,8.4482756,1.7272727,1.6111112,7.965517,7.6428571,8.75,9.0357141,1.1851852,9.1599998,6.7199998,2.6071429,7.8214288,8,5.1538463,7.7142859,4.5714288,3.6923077,3.7142856,8.3125,7.8333335,9.1999998,9.25,8.3000002,8.125,9.0625,7.090909,7.3076925,7.9285712,8.5714283,8.0500002,5.1999998,7.0999999,4.5714288,7.9000001,1.4,4.4000001,2.1428571
26,2606,PSL,11,2023,14.4,32,3.1199999,5.3793101,6.1666665,3.5999999,4,4.1724138,4.7692308,3.5999999,6.5172415,6.965517,4.4000001,3.2222223,5.8571429,6.5357141,7.2962961,6.0769229,2.9615386,7.6086955,4.2272725,3.8518519,6.0740743,6.2307692,5.4615383,5.5,4.9285712,5.1666665,3.6923077,5.5999999,6.2727275,7.3333335,8.083333,6.9000001,6.0714288,6.75,8.363636,7.0833335,4.1428571,4.2857141,2.6315789,5.0999999,3.4444444,5.5,3.3499999,3.0999999,5.1111112,2.7142856
26,2619,Konfederacja,1,2023,7.2,18,12.1,1.5172414,6.965517,1.5333333,3.1538463,8.9642859,2.2307692,2.0666666,8.5357141,8.4137936,2.5,2,8.1428576,9.3928576,9.8148146,9.2962961,.51851851,9.695652,7.1999998,8.666667,7.7037039,9.1538458,6.9166665,8.8571424,5,9.3846149,8.4615383,7.875,8.909091,9.5714283,9.916667,7.6999998,9.666667,9.8125,4.5999999,4.818182,7.7777777,8.5714283,4.9375,7.3333335,9,8,8.1999998,1.3,4.625,5.5714288
26,2620,Razem,6,2023,2.1,7,1.3,6.4444447,7.4444447,1.6923077,2,.85185188,1.2307693,1.2857143,7.9259257,1,1.4444444,1.1666666,8.7037039,1.0384616,1.8076923,6.7307692,1.6538461,1.875,5.869565,.95999998,8.9230766,1,8.5,1.4285715,7.5714288,.5,2.0769231,1.0666667,.60000002,.86666667,.083333336,.55555558,1.0666667,.875,2.25,5,2.9166667,1.2857143,1.1111112,6.7777777,.875,5.4000001,6.25,5.25,4.8571429,4
26,2623,Polska 2050,3,2023,7.2,33,2.5999999,6.3103447,7.2758622,2.5,3.0769231,6.3214288,6.0769229,3.9333334,6.5357141,4.8928571,5.5,5.1666665,5.5,5.5925927,5.6666665,5.814815,4.1538463,5.7727275,4.2857141,5.2692308,4.8461537,3.0769231,6.75,3.6428571,5.1538463,5.9230771,6.1538463,3.7333333,3.6363637,4.3333335,5.25,5.5,4.1428571,4.0625,3.4000001,4.6666665,3.4166667,3.7142856,1.4736842,6.8000002,2,5.1999998,2.9000001,5,6.1111112,2.8571429
27,2701,PSD,5,2024,21.96,86,28.1,6.2173915,6.9565215,2.6875,3.7142856,4.0454545,5.8333335,2.2142856,7.681818,6.6363635,5.625,2.9166667,5,4.181818,5.0952382,2.9523809,1.8947369,5.7894735,3,2.7727273,7.5500002,4.6363635,3,4.1999998,3.4000001,3.6666667,3.7,5,4.1538463,6.3636365,6.2727275,7.909091,4.9000001,6.5555553,5.3636365,5.9000001,5.1111112,6,5.2727275,1.5714285,.125,2.3,1.4166666,4.4285712,5.5555553,2.8
27,2705,PNL,3,2024,13.2,49,20.450001,6.5652175,7.130435,2.4000001,2.7142856,6.818182,3.6666667,2.4615386,7.5,5.5,5.875,2.8333333,5.4761906,6.2727275,4.5714288,3.0476191,1.8947369,5.3157897,2.95,7.0999999,4.8000002,5.0999999,2.8888888,3.3,4,5.9166665,6.1999998,3.75,3.6153846,6.3000002,5.818182,6.7272725,4.6999998,5.3000002,3.6363637,4.0999999,3.8888888,5.375,5.1666665,3,.125,2.3,1.25,4.5714288,6.3333335,2
27,2706,UDMR,8,2024,6.33,22,6.48,6.2173915,6.7826085,2,3.2857144,5.4285712,5.3333335,1.0714285,5.4545455,6,3.375,2.2307692,4.2857141,5.590909,5.5,3.1904762,1.6111112,4.1666665,3,5.0500002,5.4736843,4.9000001,3.0999999,4,2.7777777,4.3636365,5,4.375,3.6923077,6.4000001,5.818182,7,.090909094,5,4.7272725,5.3000002,.77777779,5.25,3.75,2.4285715,1.5,2.0999999,1.8181819,4.1428571,5.5555553,6
27,2713,USR,3,2024,12.4,40,8.7200003,6.652174,8.695652,1.5333333,1.7142857,7.0454545,2,2.5714285,7.5454545,2.909091,3.5,3,6.9523811,5.818182,4.3333335,3.2380953,2,3.7368422,3.4000001,7.5999999,4.9473686,3.8181818,3.8181818,2.1111112,5.1111112,7.3333335,6.4000001,3.75,3.3076923,3.5,4.2727275,5,3.5999999,3.7,3.4545455,3.2,4.2222223,4.5714288,2.5833333,8.833333,.5,3.3,5.5,5.1666665,6.5555553,1.5
27,2715,AUR,1,2024,18.01,63,14.93,2.347826,6.304348,2.25,1.8571428,4.6500001,4.8333335,1.6153846,5.2272725,9.409091,2.375,1.1538461,9.136364,9.136364,9.3999996,6.9523811,.80000001,9.2105265,5.8499999,3.5,5.9473686,6.8000002,2.4545455,7.7777777,2.4444444,5.6363635,4,8.5,7.25,9.8999996,7.909091,9.181818,9.727273,8.8999996,6.5,9.1000004,8.2857141,7.5714288,6,6.3333335,4.5,7.5999999,9.75,1,3.3333333,7.5
27,2716,SOS RO,1,2024,7.36,28,5.0300002,1.5454545,5.8636365,1.5,2.7142856,3.7647059,6,1,4.3333335,9.666667,1.75,.25,8.9047623,9.6190472,9.5,7.0500002,.33333334,9.4444447,5.5789475,3.3125,5.5294118,7,2.3636363,8.7777777,1.6666666,5.5714288,4.25,8.8571424,7.25,10,8.090909,9,9.818182,9.6999998,7,9.3999996,8.5,8.5,6.2727275,5.6666665,4.625,9,9.916667,1,2.1666667,7.75
27,2717,POT,1,2024,6.46,24,,1.375,5.8461537,.75,.60000002,4.2222223,6,.60000002,3.5454545,9.8571424,1,.22222222,9.0714283,9.9285717,9,6.5454545,.5,9.833333,6.1538463,4,4.875,8.333333,2.8,9.25,1.75,6.3333335,10,10,6.875,10,8.333333,9.5714283,10,10,8,10,9.5,10,6.8571429,6.3333335,6.75,9.625,9.875,1,2.6666667,9.5
28,2803,Smer-SD,5,2023,23,42,24.77,3.0476191,6.1904764,1.2857143,6.8461537,2.4285715,6.5,1.8,7.5500002,8.9473686,2,.91666669,8.666667,4.7777777,9.333333,7.9444447,.70588237,9,5.0625,2.4117646,8.2941179,7.8888888,3.3333333,6.75,3.3333333,2.7777777,3.25,8.25,6.8888888,9.3000002,9.2857141,5.909091,8.1428576,8.5,7.8000002,8.25,7.1111112,9.333333,7.5714288,.75,5.75,4,7.8000002,1.5714285,5.4285712,6
28,2805,KDH,2,2023,6.8,12,7.1500001,5.5238094,6.25,1.8571428,3.3333333,5.6666665,4,2.8,6.0526314,8.1000004,3.6666667,1.75,8.2222223,6.9444447,6.3333335,5.1666665,2.1333334,7.4375,4.75,4.25,5.5,5.1111112,4.1111112,5,3.8888888,4.8000002,5,6.375,5.7777777,8.1999998,9.5714283,9.090909,5,7.875,7.3333335,6,4.875,5.4444447,3.5714285,6,4,3.5,3.4444444,4.5714288,6.1428571,3.75
28,2809,SNS,1,2023,5.6,10,1.9,2,4.9047618,2.2857144,5.3333335,4.4000001,6.125,4.875,5.0999999,9.5500002,2,.91666669,8.7777777,8.5,9.3888893,8.4117651,.875,9.375,5.625,4,6.647059,8.8888893,5.7777777,7.7777777,4.7777777,3.6666667,2.3333333,8.25,7.5555553,9.6999998,9.7142859,8.818182,9.4285717,9.75,8.1999998,8.875,7.8888888,9,7.5714288,2.5,6.625,2.6666667,7.8000002,1.7142857,4.3333335,5.75
28,2812,SaS,3,2023,6.3,11,4.9200001,5.3333335,5.9000001,3.3333333,3.5384614,8,1.5,3,8.3000002,2.2,2.1666667,2.1666667,7.3333335,6.7777777,5.6666665,5.0555553,3.4000001,5.25,4.25,7.647059,6.5882354,6.625,4.7777777,5.7777777,3.4444444,7.8000002,7.75,2.75,3.7777777,2.5,2.8571429,1.4545455,5,3,1.6,1.625,3.875,4.3333335,1.7142857,7.5,3.4285715,4,2.3,4.3333335,6.5714288,1.25
28,2814,OLaNO,2,2023,8.9,16,1.99,4.7894735,5.3333335,3,4.3636365,5.0999999,6.25,4.625,6.1578946,7.3499999,4,3.2,6.5294118,6.1176472,6.1875,4.4117646,3,6.8571429,4.1999998,3.875,5.5,5.625,3.5,5.5714288,2.7777777,4.25,4.1999998,5.25,5.5,6.9000001,9.166667,7.5454545,4.3333335,6.375,5.1111112,5.8000002,5.75,5.875,4.1428571,8.25,3.625,7.5,7.1999998,3.8571429,5.6666665,2.5
28,2819,PS,3,2023,18,32,27.82,6.9523811,9.1428576,.42857143,.30769232,5.0476189,2.75,2.3,6.9000001,1.75,.66666669,1.1666666,8.5,4.5555553,2.4117646,4.8333335,1.1875,1.75,4.75,4.5294118,5.6875,1.1111112,7.7777777,1.1111112,8.1111107,3.9000001,5,1.75,.33333334,.30000001,1.5714285,1.4545455,2.5,1.25,1.1,3.25,3.5,2.2222223,2,7.75,1,3.875,1.6,6.1428571,6.8571429,.75
28,2822,Aliancia,8,2023,4.39,0,3.8800001,3.7894738,5.4705882,2.25,4.5454545,5.1666665,5.4000001,4.5,5,7.875,3.2,2.625,6.3571429,7.0714288,7.8000002,6.1999998,3,5.8666668,4.5384617,4.909091,5.2727275,7.5,4.5,6.5714288,2.8571429,5,3,5.6666665,6.5999999,8.25,7.1666665,6.4444447,3,7.5,7.5999999,6.4285712,3,7.4285712,4.8333335,4.5,5.6666665,3.2,6.8000002,2.25,5.5,4.6666698
28,2823,Hlas,5,2023,14.7,27,7.1799998,4.7142859,6.5238094,2.4285715,4.6153846,3.5714285,5.125,2.5,6.75,6.0999999,5.1666665,4.2727275,5.7777777,4,7.1875,5.5555553,2.3333333,7.3333335,4.75,3.5882354,7.0588236,6,4.625,5.375,3.4444444,3.3,4.5714288,6,5.375,6.3000002,5.8333335,4.6363635,5.5,6,5.1999998,7,5.375,6.7777777,5.5714288,3.6666667,3.375,4.75,5.625,3.1666667,5.7142859,4.3333302
28,2824,Republika,1,2023,4.75,0,12.53,1.3809524,5.1904764,.5714286,3.6923077,5.0526314,5.1428571,1.8333334,4.7857141,9.8421049,1.5,.72727275,9.2222223,9.1111107,9.7222223,9.166667,.40000001,9.6875,6.4375,4.4000001,6.7692308,8.666667,5.2222223,8.333333,4.125,4.125,2.2,8.875,8.2222223,10,9.8571424,8.818182,9.7142859,9.875,8,8.875,8,9.5,7.5714288,4.5,8.25,3.4000001,9.5,1.1428572,3.6666667,7.25
29,2902,SDS,2,2023,23.48,27,30.610001,5.0588236,5.875,2,3.6666667,8.0588236,3.6666667,1.75,6.6875,8.5625,3.75,1.5714285,6.6666665,8.5,9.125,8.9375,1.5,8.9285717,5.5384617,7.2307692,5.9230771,7.6666665,3.8333333,6.75,4.75,8.4285717,6.4285712,7.75,8,9.4285717,8.666667,8.333333,7.6363635,9,8.1000004,5.3333335,2.8333333,6.75,7.5,5.6666665,6.8333335,4.4000001,5.6666665,3,6.25,2.5
29,2903,SD,5,2023,6.69,7,7.77,6.2941175,6.5,3.5714285,2.3333333,2.8235295,3,4.25,6.75,2.5999999,2.125,2.5714285,6.2666669,3.0714285,3.5,5.625,2.8666666,3.2857144,5.4285712,2.9230769,6.8461537,3.1666667,6.5,3.125,6.875,2.4285715,3.8571429,3.5,3.25,2.1428571,1.8571428,1.6666666,2.3636363,2.5,3.5,5.5,4.5,2.875,3.8333333,6,2.2,3.8,3.1111112,5.3333335,5.75,5.5
29,2905,NSi,4,2023,6.86,8,7.5900002,6.1999998,6.25,2.5714285,2.7777777,7.5882354,4.0833335,2.25,6.8125,7.875,4.125,2.2857144,6.8000002,7.4285712,7.9375,7.75,2.3333333,8.1428576,5.3846154,7.0769229,6.2307692,6.6666665,4.1666665,6,5.25,8.666667,7.1428571,6.5,7.75,8.5714283,8.8571424,8,7.090909,8,8.3000002,5.1666665,3.5,5.75,4.3333335,6.3333335,6.3333335,3.8,5.3333335,4.8333335,5.75,2.5
29,2912,Levica,5,2023,4.46,5,4.8099999,4.4705882,5.0625,4.5714288,3.6666667,.88235295,1.5,3.25,6.5,1.5625,1.625,3.1428571,7.0666666,1.2142857,1.3125,6.5625,1.1333333,1.2142857,7.2142859,.84615386,8.0769234,1.5,7,2.2857144,7.875,1.8571428,2.2857144,2.75,2.75,.71428573,.85714287,1.3333334,1.1818181,.5,2.0999999,6.1666665,5.1999998,2.125,3,8.666667,1.6666666,5.4000001,5.5555553,4.3333335,3.25,8.5
29,2916,GS,3,2023,34.45,41,22.129999,6.1176472,6.375,3.1666667,3.3333333,3.375,4.3636365,4.5,6.125,3.1428571,3.5714285,2.5,6.6428571,3.7692308,3.8666666,5.6666665,3.2857144,3.3076923,5.4615383,4,5.8333335,2.6666667,6.3333335,3.7142856,6.2857141,2.5714285,3.6666667,3.75,3.75,2.1666667,1.8571428,2,2.4000001,2.75,3.3333333,5.1666665,5.5999999,2.6666667,3.5,7,2.3333333,3.4000001,2.875,5.5,6.6666665,4
29,2917,Vesna,7,2023,1.35,0,10.54,5.8571429,5.9285712,1.75,3.625,3.2666667,3.5555556,2.6666667,5.9230771,2.625,2.7142856,2.75,6,3.6428571,4.181818,5.0714288,3.3333333,3.7272727,5.7272725,3.3,5.1999998,.5,9.5,1.875,8.75,2.6666667,4.5999999,3,4.5,3,2,2,2.5555556,2.5,4.6666665,6.3333335,4.5,3,3.5,6.3333335,2,5.75,3.25,4,4.3333335,5
29,2918,Resni.ca,1,2023,2.86,0,3.97,2.9333334,4.25,2.5,4.7142859,7.6999998,5.2857141,.5,4.7272725,8.3846149,7.75,3,5.3636365,8.083333,8.1538458,7.7272725,1.5,8.333333,5.1428571,6.375,3.25,8.333333,2,5,3.5,6.75,9,8,6.5,9.5,8.1999998,2,8.4285717,7.6666665,6,6.4000001,5.6666665,7.1666665,8,8.5,6.5,6,8.75,1.5,2,2.5
29,2919,SLS,4,2023,3.41,0,7.21,5.0625,5.1333332,4.4000001,4.2222223,6.8666668,5.4000001,3.3333333,5.5833335,7.5,6.3333335,3,6.6666665,7.9230771,8.1333332,7.4666667,3,8.363636,5,6.818182,5.4545455,6.8000002,4.25,5.4285712,5.2857141,8,6,7.3333335,6.75,9.1999998,8.5714283,8,7.5454545,8.5,9.3999996,6.5,3.1666667,6.125,5.75,5.6666665,6.3333335,4,5,2.6666667,5.75,3.5
31,3101,HDZ,4,2024,34.42,61,35.130001,6.8000002,8.7368422,2.5454545,1.2222222,4.5999999,4.4545455,2.375,6.7777777,6.4117646,5.5,4.5,5.647059,6.4444447,5.352941,4.8823528,4.2666669,6.25,3.6470587,4.4705882,5.0588236,4.625,4.125,4.125,3.4444444,4.625,5.5555553,6,5.4285712,6.4444447,6.25,6.8571429,4.5999999,5.8000002,6.2727275,4.8000002,7,6.3333335,5,4.375,2,1.6666666,1.5454545,4.3333335,5.8000002,1.8333334
31,3102,SDP,5,2024,24.2,42,24.4,6.5500002,7.2631578,2.3636363,1.4444444,3.5999999,3.3636363,2.625,6.4444447,3.2352941,3.75,2.5,6.5294118,3.6666667,4.1764708,4.9411764,2.5333333,4.6875,3.7647059,3.1176472,5.9411764,3.625,4.625,3.25,3.8888888,3.375,4,3.5,2,2.3333333,2.25,2.4285715,3.2,3.4000001,3.3636363,4.4000001,3.5999999,3.4444444,2.2857144,7.875,2,3.3333333,2.7272727,4.1666665,5.4000001,4.6666665
31,3106,IDS,8,2024,2.25,2,3.6500001,6.6842103,6.8888888,.80000001,1,5.1666665,3.4444444,2,5.5999999,3,2.875,1,5.5999999,4,3.9285715,3.5333333,1.9090909,3.7857144,3.4285715,4.875,3.4666667,3.2857144,5,3,4.5,5.1428571,5.875,3,2.5999999,2.7777777,2.5,2.5999999,1.4,1.4,4.9000001,3.5999999,1.5454545,2.375,1.5714285,5.8571429,1.25,2.5999999,3.0999999,4.8333335,6.1999998,4.8000002
31,3110,SDSS,5,2024,1.4,3,1.83,6.2777777,5.4444447,.5714286,2.1428571,3,4.375,1.5,3.8125,3.7647059,2.625,1.375,5.5882354,3.7222223,4.4000001,2.9230769,1.6,3.9230769,2.7142856,2.9230769,4.0714288,4,2.7142856,3.8333333,2.3333333,3,4.1111112,3.0999999,2.75,4.1428571,3.2,4,.2,2.5999999,5.4545455,4.75,1.7777778,3,2.7142856,5.1666665,1,2.8,2.4000001,4.4000001,4,5.6666665
31,3115,Most,2,2024,8.02,11,4.0100002,4.0500002,5.0555553,3.1818182,3.7777777,6.0526314,4.3636365,2.875,5.4444447,8.1176472,3,3.125,8.3529415,7.7777777,8.7058821,8.7647057,1.7333333,8.0666666,7.352941,5.352941,4.4705882,7,4.125,5.3333335,3.1111112,6.25,6.25,8,6.8571429,8.2222223,8.75,7.7142859,8.3999996,8.8000002,6.7272725,7,3.7,5.1111112,3.4285715,8.875,3.25,8.833333,8.636364,1.5,3,2.6666667
31,3120,M!,7,2024,9.1,10,5.9299998,6.3157897,7.0526314,1.1,1.75,2.3499999,2.090909,2,6.9444447,1.2352941,3,.75,8.1176472,2.2777777,2.5294118,5.9411764,1.3333334,2.4117646,6.1176472,2.1764705,6.7647057,1.125,8.5,.55555558,8.666667,1.875,2.8888888,1.4,.5714286,.66666669,.5,1.1428572,1.1,.2,2.909091,5.4000001,1.8,1.8,1.2857143,9.25,2,5,5.090909,4.5,4.5999999,6.1666665
31,3121,Centar,3,2024,1.2,2,1.23,6.3499999,6.6666665,.8888889,1.6666666,6.3684211,3,2,6.25,3.125,3.625,1,6.4705882,4.7222223,3.9166667,4.2666669,2.3636363,4.6153846,3.6923077,5.7647057,4.5294118,3.5,4.625,3.25,3.75,6.25,6.8888888,2.2,2.2857144,2.6666667,2.125,1.5714285,2.5999999,1.8,3.090909,3.2,2.5,2.4444444,1.2857143,8.5714283,1.5,2.8333333,4.7272725,4.8333335,6,4.8000002
31,3122,DPS,1,2024,9.56,14,8.8400002,3.4210527,4.9444447,3.3,3.7777777,6.3000002,5.181818,4.2857141,4.5,9.1176472,2.25,1.375,8.9411764,8.9444447,9.2352943,9.0588236,1.1333333,8.6875,7.4705882,6,4.9411764,7.4285712,3.125,6.75,2.7777777,6.25,6.125,9,7.8571429,9.1111107,9.75,9.1428576,9.3999996,9.8000002,7.4545455,6.5999999,6.5,7.1999998,5.8571429,4.875,3.25,6.5,7.909091,1.5,2.5,.83333331
34,3401,AKP,2,2023,35.61,268,,3.6428571,2.3571429,1.6,5.2222223,6.7142859,5,5,8.2857141,9.3571424,2.5555556,4,7.9285712,8.1428576,2.7857144,6.2857141,4.3846154,4.6428571,6.8571429,6.3571429,5.1428571,5.8000002,1.3333334,8,2.75,4.3333335,7.75,8.8571424,7.7142859,9.666667,10,9.375,6.5,8.4285717,5.2857141,4,9.2857141,9.7142859,8.8571424,2,6.3333335,2.2,6.7142859,,,
34,3402,CHP,5,2023,25.33,169,,6.3571429,4.7142859,1.8,3.125,3.5,3.8571429,2.6666667,8.7857141,2.7857144,3.4444444,3,7.2142859,3.5,7.3571429,7.5,3.6666667,6.9285712,7.7142859,2.6428571,7.4285712,3.1666667,4.1666665,2.125,6.125,2.5555556,3.25,4.7142859,1.2857143,4,5.5454545,.875,3.8333333,4.4285712,3.4285715,5.1666665,5.5714288,2.4285715,.42857143,9,6,4.1999998,5.2857141,,,
34,3403,MHP,1,2023,10.07,50,,1.9285715,1.5384616,.60000002,3,6,5.7142859,3,6.7142859,9.5,.66666669,2,7.7857141,9.1428576,5.7857141,6.7857141,3.1666667,8.2857141,7.2857141,6.2142859,4.9230771,6.1999998,.5,6.875,2.125,4.3333335,4.6666665,10,8,9.333333,10,8.5,8.166667,10,4.6666665,6.3333335,10,9.5714283,8.8571424,1.75,6,2.2,5.8571429,,,
34,3408,IYI,3,2023,9.69,43,,4.7692308,2.8571429,2.25,4,5.2857141,4.8571429,2.5,8,6,3.4444444,3,6.2142859,6.2857141,8.5,8.2857141,2.3076923,8.1428576,8.3571424,4.3571429,6,4,3.1666667,4.5,4.25,2.8888888,5.25,6.2857141,3.1428571,7.3333335,9.1111107,3.875,7.6666665,6.8571429,3.8333333,5,8,3,1.7142857,8.75,6,3.8,5.4285712,,,
34,3415,DEM,7,2023,8.9,61,,6.3076925,3.9285715,.75,2.375,2.6666667,4.6666665,2.3333333,6.2857141,1.7142857,1.3333334,1.5,6.1428571,2,3.3,4.0833335,3.25,2.5714285,4.8461537,1.8571428,7.5714288,2.8,4,1.4285715,7.2857141,3.1111112,2,1.1666666,.85714287,3,3.7,2.125,.16666667,1,6,5.25,.42857143,1.1428572,.42857143,9,5.6666665,6.4000001,8.1428576,,,
34,3416,YRP,10,2023,2.81,5,,1.25,1.5384616,.2,1,6.1666665,5.6666665,.80000001,6.7857141,9.7857141,1,1.25,8.7142859,9.1428576,6.75,6.3076925,1.9090909,7.4166665,7.4166665,4.4285712,5.4615383,6,.66666669,6.3333335,2.375,3.875,4.5,8.2857141,9.2857141,10,10,10,7.5,8.5714283,5.4285712,7,7,8.666667,6.8333335,4.75,7.3333335,2.4000001,7.8571429,,,
34,3417,TiP,6,2023,1.73,4,,4.1111112,2.0769231,2.5,3,.64285713,1,.33333334,8.8571424,1.3846154,.44444445,1.25,7.2857141,.64285713,4.5999999,4.9000001,3,4,5.5833335,.85714287,9.5,3,4.8000002,.5714286,7.5714288,1.5,.66666669,1.6,.42857143,3,3.1111112,.2857143,1.5,.85714287,4.6666665,9,2,1,.42857143,9.25,6.5,6.4000001,7.8571429,,,
35,3501,Ap,5,2021,26.3,48,,5.2307692,3.2307692,5.1999998,4.7142859,3.6923077,3.8,3.1428571,7.9230771,3.7692308,4,2.3333333,4.5,3.6923077,5.6923075,5.1666665,4.5999999,4.9000001,5.3636365,2.9166667,6.9166665,4.8333335,4.5,4.5,4,3.5999999,3.8571429,5.75,1.5714285,2.4285715,1.25,2.75,4.2857141,4.7142859,4.5,3.75,5.2857141,2.5,0,2,2.5,4,1.6666666,,,
35,3502,FrP,1,2021,11.6,21,,2.3076923,3.7692308,4.1999998,3.4285715,7.6923075,5.8000002,2.3333333,7.3076925,7.3846154,2.125,1,7.75,7.7692308,9.3846149,9.5,1.5,9.1999998,9,5.9166665,5.3333335,7.3333335,5,8,5.4000001,7.8000002,8.2857141,9.75,4,5.1428571,4.5,5.25,8.1428576,8.7142859,4.5,3.25,6.1666665,6,.40000001,1.5,7.3333335,9.25,7,,,
35,3503,H,2,2021,20.4,36,,6.2307692,4.8461537,1.8,1,6.8461537,3,2.2857144,8.0769234,4.7692308,3.5714285,1.6666666,5.25,6.6153846,6.2307692,5.4166665,3.7,5.6999998,5.5454545,6.25,5.25,5.6666665,4,5.3333335,4.1999998,6.5999999,7.4285712,6.25,2.5714285,2.5714285,1.5,4.5,4.4285712,4.2857141,3,2,6.2857141,2.75,0,2,2.5,4,.83333331,,,
35,3504,SV,6,2021,7.6,13,,2,4.2307692,3.2,2.4285715,1.9230769,2.5999999,1.5,7.9230771,1.9230769,1.25,1.3333334,6.75,1.8461539,2,6,1.6,1.9,6.090909,1.25,8.583333,2.6666667,8.166667,1.6666666,9.1999998,1.4,1.5714285,2.25,.85714287,.42857143,.75,1.25,2.4285715,1.5714285,5.25,6.75,3.8,4.5,0,3.5,.5,5.5,3.5,,,
35,3505,Sp,11,2021,13.5,28,,1.3076923,7.4615383,1.2,.71428573,4.5384617,3.5999999,2.5,6.6153846,6.5384617,3,1,6.3333335,5.0769229,6.7692308,5.4166665,2.9000001,6.8000002,5.6363635,4.25,5.3333335,6,5.6666665,5.8333335,3.5999999,4.8000002,3.5714285,7,3,4.3333335,3,5,5.8333335,8.1428576,9.25,8.5,.75,4.25,0,3.5,2.5,8,5.8333335,,,
35,3506,KrF,4,2021,3.8,3,,3.5833333,3.1538463,2.5999999,4,5.3076925,5.5999999,2.75,4.4166665,7.5,2,2.5,8.083333,5.8461537,3.7692308,5.25,3.5,5.5,5.5,4,5.4545455,4.3333335,5,3.6666667,5.8000002,5,5,6.75,5,6.8571429,5.25,9,5.1428571,6.4285712,6,5.25,3.75,4.3333335,0,2,3.5,4,1.5,,,
35,3507,V,3,2021,4.6,8,,6.6923075,6.8461537,1.6,.85714287,6.2307692,5,2.1666667,6.5384617,1.9166666,1.2857143,1.3333334,7.25,5.7692308,2.6153846,5.6666665,2.4000001,2.9000001,5.6363635,5.3333335,5,2.8333333,7.6666665,1.4,8.1999998,5.5999999,7.1428571,1.5,1.8571428,.5714286,1,2.75,2.7142856,1.4285715,4.75,1,4.3333335,2.5,0,2,.5,3.75,1.5,,,
35,3508,MDG,7,2021,3.9,3,,5.3846154,4.5384617,4.4000001,4,4.3846154,6.8000002,3.8333333,4.5384617,1.8333334,2.375,1.6666666,6.818182,3.7692308,3,5,2.4285715,2.625,4.9000001,3.0999999,5,2,9.666667,.5,8.8000002,3.25,4,1.75,1.3333334,.33333334,.66666669,2.75,2.75,1.7142857,4,2.75,4,3.3333333,0,2,.5,4.5,2.1666667,,,
35,3509,R,6,2021,4.7,8,,1.1538461,5.0769229,2,1.2857143,.46153846,1.8,.83333331,7.9230771,3,1.75,1,5.9166665,.61538464,2,5.0833335,2.2,2.0999999,4.8000002,.41666666,9.333333,2.8,5.5,3,6.5999999,1,.5714286,2,1.1428572,.5,.75,1,2.6666667,3,5.3333335,7.75,3.6666667,5,0,2,1,6,6.3333335,,,
36,3601,SVP/UDC,1,2023,27.93,62,,1.0666667,8.3999996,.5,1.1428572,8.333333,3,3,5.7142859,9.0666666,1,1.5714285,7.5999999,9,9.6000004,9.6000004,.53333336,9.0666666,8.7857141,8.2666664,5.4285712,8.5714283,4.1428571,8.25,3.875,8.6000004,6.5999999,9.125,8.1428576,9,8.1111107,5.8333335,8.75,9.2857141,8.875,6.5,2.25,6,5,1.2857143,8,9.4285717,8.7142859,,,
36,3602,SP/PS,5,2023,18.27,41,,5.5999999,6.2666669,5.7142859,3.5714285,1.6,1.4,1.4,8.2142859,1.2,.375,1.7142857,7.4666667,1.6666666,2.0666666,6.2666669,3,1.9333333,7.1428571,.80000001,8.3571424,.85714287,6.5714288,1,7.75,.69999999,2,2.25,.42857143,.5,.77777779,1.5714285,.75,1.4285715,1.875,5,6.375,3.2,2.5714285,3.1428571,1,7.7142859,3.8571429,,,
36,3603,FDP/PLR,3,2023,14.25,28,,4.1333332,5.6428571,5.875,4.5714288,8.1333332,2.7,2.4000001,8.5,5.1333332,2.625,4.2857141,5,7.6666665,7.7333331,7.5333333,3.8666666,6.9333334,6.8571429,8.333333,7.0714288,6,4.2857141,5.875,4.875,8.6000004,8.8000002,6.75,5,5.1666665,3.375,2.8333333,6,5.7142859,3.1428571,2.3333333,4.125,4.4000001,3,2.2857144,5,7.4285712,2.5714285,,,
36,3604,DM/LC/AdC,4,2023,14.06,29,,4.0666666,5.0666666,4.625,4.7142859,5.1999998,4.4000001,3.2,6.5,5.8666668,3.625,4.7142859,4.9333334,5.4666667,6.1999998,4.9333334,3.5714285,6.4666667,5.9285712,5.1333332,5.5714288,4.4285712,4.5714288,4.2857141,5.25,5.1999998,6,6.125,4.4285712,6.1666665,5.7777777,7,5,5.7142859,6.625,4.5,3.375,4.4000001,3.1428571,1.8571428,3.5,7.7142859,2.7142856,,,
36,3605,GPS/PES,7,2023,9.779999999999999,23,,4.8666668,5.4000001,4.25,3.5,1.2666667,1.9,1.8,5.5714288,1,.875,1,7.5333333,1.3333334,1.1333333,5.6666665,1.6666666,1.4666667,6.2142859,1.0666667,6.4615383,.2857143,9.5714283,.25,9.875,1.1,1.8,2.25,.2857143,.16666667,.55555558,1.1428572,.5,1,2.375,7,6.125,3.2,2.1428571,3.1428571,1,7.8571429,3.4285715,,,
36,3606,GPL/PVL,7,2023,7.55,10,,6,7.1999998,2,1.7142857,6.2666669,3.5999999,3.8,7.0714288,2.2,1.625,2.1428571,6.8000002,4.5999999,3.5999999,5,3.0714285,3.8571429,5.3571429,5.4666667,5.3846154,1,9,1.25,9.375,5.3000002,5.1999998,3,2,.83333331,1.1111112,2.2,2.75,1.1428572,1.625,2,6,3.8,2.1428571,3,1,7.4285712,2.7142856,,,
36,3607,EVP/PEV,10,2023,1.95,2,,3.9000001,3.8,3.3333333,4.5,5.090909,5,,3.4285715,7.25,.66666669,2,7.9000001,5.6363635,4.75,2.8333333,2.4000001,7.375,5.5999999,4.1111112,4.3333335,5.3333335,4,3.8,6,3.6666667,,4.4000001,8.333333,6.8000002,7,8.2857141,6,6.5999999,6.25,6,4,4.5,1.75,2,2,8.1999998,1.3333334,,,
36,3608,EDU/UDF,10,2023,1.23,2,,1.8333334,4,1,3,7.2222223,5.6666665,,3.5714285,9.25,.33333334,1,8.6999998,8.75,8.636364,6.8888888,.85714287,8.727273,7.7142859,7,3.5999999,6,2.6666667,7.6666665,3,7.25,,8,8.75,9.5,8.833333,8.7142859,8.75,9,7.1999998,8,3.6666667,7,3.3333333,2.5,2,9.1999998,4,,,
36,3610,Lega,8,2023,.55,1,,1.2307693,7.5,1,1.5,6.818182,4.5999999,1,5,8.6000004,1,2,7.1999998,8.727273,9.3846149,9.181818,.8888889,8.636364,8.25,5.3333335,4.8000002,8.5,4,8.333333,3.3333333,7,,7.4000001,9,8.666667,8,5.6666665,8.75,9,7,9,1.5,7,3.3333333,.33333334,6,9.166667,8.1999998,,,
36,3615,MCG,1,2023,.51,2,,1.2727273,7,.66666669,1.3333334,6,4.75,1,5,7.75,3,3.25,5.6666665,8.083333,9.454545,9.090909,1,8.3999996,8,5.2222223,4.8000002,7.6666665,2.6666667,8,4,7,,7.5999999,9,8.666667,6.25,5.6666665,8.5,8.5,3.8,9,1.25,6.25,3.3333333,.33333334,4,9.333333,8.1999998,,,
37,3701,PL,5,2022,55.11,44,45.259998,5.6666665,5.3333335,1.5,10,5.6666665,2,4.5,8.333333,3.3333333,6,2,6,6.3333335,7.3333335,6.6666665,5,6.6666665,6,3,5,6,7.5,4,3,7,6,,3,2,3,,6.5,7,,,6.6666665,8,6,,,3,6,4,5,7
37,3702,PN,2,2022,41.74,35,42.02,6,6,1,8,4,2,3,7,6.3333335,4.5,4,6.3333335,6.6666665,8.333333,7.6666665,5.3333335,7.6666665,7,3.5,5,3.5,7,4,3,3,6,,4,5.5,4,,6,7,,,5.6666665,4,5,,,3,6,7,5,5
40,4001,DISY,2,2021,27.77,17,24.780001,7,7.4000001,1.25,2,8,6.25,1,6.4000001,5.8000002,6.1999998,,5.1999998,7.1999998,7.4000001,6.5999999,3,6.4000001,6.75,7.1999998,4.8000002,4.6666665,6,8,2.5,7,8,6.5,4,5,2,5,8,7,4.5,4.3333335,4.5,7,2.6666667,,5.75,1.6666666,2,6,6.5,2
40,4003,AKEL,6,2021,22.34,15,21.49,5,4.5999999,2.5,2,2.2,4.25,0,8.1999998,2.4000001,2.2,,7.4000001,2,3,6.1999998,2,1.8,7.25,2.4000001,8.1999998,4,7,3,4.5,4.5,1.6666666,3.5,1,2.5,2,1.3333334,4,3,4.5,6,3,4,1.3333334,,2.25,3,5,3,4,8
40,4004,DIKO,2,2021,11.29,9,9.7200003,6.5999999,5.8000002,1.75,5,5.1999998,6.25,1,5.8000002,6.8000002,6.4000001,,4.4000001,5.8000002,7,6.5999999,2,7,6.75,4.5999999,6,4.3333335,6,7,3,4.5,5,7,3,6.5,4,5,7,6.5,4.5,4.3333335,4.5,7,1,,5.25,2.6666667,2,5,6,6
40,4005,EDEK,5,2021,6.72,4,5.0700002,6.1999998,5.8000002,1.25,4,4.5999999,5,0,6,5.4000001,3.5999999,,6.4000001,5.1999998,8,7.1999998,2.4000001,7.1999998,6.75,3.4000001,6.8000002,4.6666665,5,7,3.5,5.5,4.3333335,7,3.6666667,5.5,8,4.3333335,8,7.5,4.5,4.6666665,4,7,1.3333334,,5,3,2,,6,3
40,4006,KOSP,7,2021,4.41,3,1.29,6.1999998,5.8000002,1.5,2,4,3.75,1,5.8000002,2.8,2.8,,7.4000001,4.4000001,5,5.1999998,2.5999999,4.25,6.25,3.2,6.1999998,2.6666667,7.5,1,9,4,3.3333333,4,1.6666666,3.5,2,2.3333333,5,5,4.5,4.6666665,4.5,5,1,,2.75,2,5,5,5,3
40,4009,ELAM,1,2021,6.78,4,11.19,4,4.4000001,2.5,9,4.5999999,6,0,5.1999998,9.1999998,2.2,,8.6000004,9.3999996,9.8000002,9.8000002,0,9.6000004,7.75,3.2,7.8000002,7,3.5,8,2.5,6,4.3333335,9.5,5,9.5,10,8.666667,10,9.5,6,6.6666665,6.5,9,2,,9.5,5,10,,2.5,3
40,4015,DIPA,3,2021,6.1,4,2.1700001,6.5999999,5.8000002,1.25,6,4.8000002,6.5,0,6,6.4000001,5.8000002,,4.8000002,5.4000001,7,6.1999998,2,6.1999998,6.25,4.4000001,6,4.3333335,5,7,2.5,4.5,4.6666665,6.5,3.3333333,6.25,6,4.6666665,7,6.5,5,5,4.5,7,1,,4.75,2.6666667,2,5,6,3
45,4501,Sj,2,2021,19.4,14,,1.8333334,2.8333333,3,1.6,7.5,1.3333334,4,8,5.1666665,3.5999999,6,2.3333333,7.3333335,7,6.3333335,4.5,7.1666665,5.1666665,6.6666665,6,4,4.3333335,6.6666665,2.3333333,8,8.8000002,7,2.6666667,2,.5,0,4.6666665,7.5,6,5,4,5.6666665,4,0,1.5,1,.33333334,,,
45,4502,Graen,7,2021,2.34,0,,2.6666667,2.3333333,5,4.1999998,2.3333333,2,4,5.3333335,1.3333334,1.8,1,6.3333335,2.5,1.8333334,5.3333335,2.3333333,3.5,4.1666665,1.3333334,7.3333335,1,8.666667,1,8,2,1.6,2.6666667,.33333334,.5,0,0,2.4000001,3.5,5.25,5,4,4.6666665,2,2,0,1.5,1,,,
45,4503,F,11,2021,7.8,5,,2,3,3,2.8,5.1666665,3.3333333,2.3333333,6.3333335,5.1666665,3.2,6,3,5.5,5.3333335,4.6666665,3.6666667,6.6666665,4.1666665,4.8333335,5.3333335,4,4.3333335,6.3333335,2.6666667,4,4.4000001,5.3333335,2,2,.5,0,4,8,9.25,8.333333,3,5.6666665,3,1,.5,1,0,,,
45,4504,M,11,2021,12.1,8,,1.1666666,5.8333335,3,.40000001,8.333333,2.6666667,1,7.6666665,8.833333,2.4000001,1,8.166667,8.5,9,8.833333,.66666669,9.5,9,7.1999998,7.8000002,9.666667,8.666667,6.3333335,6,9,7.1999998,8.333333,3.3333333,5.5,2.6666667,0,8,9.5,8.5,7.6666665,3.5,5.6666665,4,3,3,5,5.3333335,,,
45,4505,Sam,5,2021,20.8,15,,6,5.1666665,2,3.8,3.6666667,1.6666666,4,7.8333335,1.6666666,1.8,2,5.8333335,3.8333333,3.1666667,4.8333335,4.3333335,4.1666665,4.3333335,1.6666666,7.8333335,1.6666666,6.6666665,3,4.3333335,3,3.2,3.3333333,.66666669,1,0,0,2.8,3,3,5,4.5,4.6666665,2,6,0,4,.33333334,,,
45,4506,Pi,9,2021,3.02,0,,5.3333335,3.5,5,3.2,3.5,4.6666665,4.3333335,5,.5,.60000002,1,8.333333,3.5,1,7,.66666669,1.8333334,6.5,2.1666667,5.8333335,0,7.6666665,1.6666666,6.6666665,2,3,0,1,.5,0,0,1.25,2.5,2.25,3.5,6,2,0,10,0,8.5,5.3333335,,,
45,4507,V,3,2021,15.8,11,,6.6666665,8.166667,2,.2,6,1.6666666,1,7.8333335,1.3333334,1,1,7.1666665,6.1666665,2.3333333,5.5,2.5999999,3.6666667,4,4.3333335,5.3333335,1.6666666,6.6666665,4.5,3.5,4,6.4000001,2,.66666669,1,0,0,1.6666666,1.5,2.25,2.3333333,6.5,4.5,1,8,0,1.5,1.3333334,,,
45,4508,FlF,9,2021,13.8,10,,2.8,1,5,4.8000002,2.8333333,1.6666666,1.6666666,6.5,6.5,5,5,2.6666667,3.6666667,7,5.1666665,2.8,7.8000002,4.1999998,1,8.833333,5.3333335,2.3333333,5,2.5,3,1.5,7.3333335,2,4.5,1.3333334,0,5.6666665,8,4.5,,5,3,,6,1.5,4,6.3333335,,,
